covid_fatality_rate,continent,country,age_dependency_ratio,diabetes_prevalence,gni_per_capita_atlas_method,Good_maternal_and_infant_practices,Bad_hygiene_practices,rural_populations,fat_animal_products,good_fat_sources,fat_cereals__excluding_beer,obesity,undernourished,unhealthy_kcals,healthy_kcals,protein_alcoholic_beverages,protein_animal_fats,protein_milk__excluding_butter,protein_oilcrops,protein_stimulants,protein_sugar__sweeteners,protein_vegetable_oils,gni_real,comparative_fatality_rate,population_ages_0014,population_ages_65_and_above,fat_cereals_excluding_beer,fat_eggs,fat_fish_seafood,fat_fruits_excluding_wine,fat_meat,fat_miscellaneous,fat_milk_excluding_butter,fat_offals,fat_oilcrops,fat_pulses,fat_spices,fat_starchy_roots,fat_stimulants,fat_treenuts,fat_vegetable_oils,fat_vegetables,improved_water_source_of_population_with_access
22.61536279,asia,afghanistan,86.95446405,8.8,630,55.05653266,6.35,73.297,21.6397,19.2716,8.0353,4.5,29.8,8.2041,41.6459,0,0.0277,5.5278,0.2034,0.5546,0,0,low_gni,low_fatality_rate,44.04194947,2.469089724,8.0353,0.6859,0.0327,0.4246,6.1244,0.0163,8.2803,0.3103,1.0452,0.196,0.2776,0.049,0.098,0.7513,17.0831,0.3593,55.3
111.346973,europe,albania,44.80697279,10.3,4290,494.3883401,0,42.593,32.0002,14.1194,2.6734,22.3,6.2,24.316,25.8312,0.184,0.0711,16.475,0.3722,0.2635,0.0042,0.0084,low_gni,high_fatality_rate,18.54620412,12.39633387,2.6734,1.6448,0.1445,0.6418,8.7428,0.017,17.7576,0.2933,3.1622,0.1148,0,0.051,0.527,0.9181,9.2443,0.6503,95.1
15.82190764,africa,algeria,52.61757885,7.5,4870,90.57983533,0.5,29.273,14.4175,30.1337,4.2035,26.6,3.9,11.3634,36.1207,0.0323,0.0054,8.0616,0.183,0.4628,0,0.0269,mid_gni,low_fatality_rate,28.53871044,5.938038072,4.2035,1.2171,0.2008,0.5772,3.8961,0.0439,8.0934,0.1067,1.1983,0.2698,0.1568,0.1129,0.2886,0.8595,27.3606,0.5145,83.6
7.07,africa,angola,99.85575099,4.1,4180,57.77122147,15.4,55.95,15.3041,28.0234,6.5545,6.8,25,12.3156,26.1292,0.6285,0.0277,1.146,2.1534,0.1017,0.0092,0.0092,low_gni,low_fatality_rate,47.65044117,2.313470552,6.5545,0.1539,1.4155,0.3488,11.0268,0.0308,1.2309,0.1539,3.9902,0.3282,0.0103,0.7078,0.1128,0.0308,22.4638,0.1231,49
129.604217,north america,antigua and barbuda,45.65038071,13.6,13390,811.4323208,6.109423019,76.227,27.7033,17.7767,3.2153,19.1,11.22675159,30.5287,25.1183,0.1535,0.1289,7.4349,0.7674,0.4113,0,0.043,high_gni,high_fatality_rate,24.1782657,7.164172602,3.2153,0.3872,1.5263,1.2177,14.3202,0.0898,6.6607,0.1347,1.3579,0.0673,0.3591,0.0449,1.0549,0.202,14.4436,0.2469,97.9
269.8704682,south america,argentina,56.5453597,6,12460,225.3065947,1.35,8.249,30.3572,17.8695,1.3316,28.5,4.6,32.9218,24.8649,0.1704,0.0097,5.8322,0.0097,0.9688,0.0049,0,mid_gni,high_fatality_rate,25.19419749,10.92655359,1.3316,1.5706,0.1664,0.2091,19.2693,0,5.8512,0.1878,0.064,0.0213,0.0213,0.111,0.2475,0.1366,17.3147,0.1878,99.1
264.1736521,europe,armenia,41.26264721,6.4,3880,603.1606662,0,37.327,29.6642,15.5206,2.5068,20.9,4.3,22.5795,28.7687,0.0411,0.1438,10.038,0.2619,0.5545,0.0051,0.0205,low_gni,high_fatality_rate,18.38389482,10.82598339,2.5068,1.6196,0.2218,0.5468,10.8165,0.0361,10.4709,0.2734,0.6602,0.0774,0.0103,0.0567,1.8002,0.9542,12.8127,0.8717,100
9.47,oceania,australia,50.92736435,5.1,60070,2197.97163,0,10.577,24.1099,23.9345,0.9908,30.4,2.5,30.882,23.4219,0.2914,0.074,8.432,0.6984,0.7031,0,0.0463,high_gni,low_fatality_rate,18.6980894,15.04487489,0.9908,0.7017,0.4515,0.4028,11.6002,0.052,6.5196,0.2339,1.2929,0.026,0.1007,0.0422,0.7926,1.6145,20.3612,0.2144,100
195.2714918,europe,austria,49.17973629,6.9,47120,4575.726373,0,34.032,27.8268,20.5386,1.2297,21.9,2.5,29.6913,22.5698,0.615,0.3376,11.4954,1.5028,0.726,0.0139,0.0647,high_gni,high_fatality_rate,14.20763979,18.75913005,1.2297,1.2147,0.4259,0.2249,8.1099,0,5.1497,0.075,1.1367,0.012,0.102,0.045,0.4439,0.8398,17.9323,0.2039,100
86.59929301,europe,azerbaijan,38.01600762,6.5,6560,431.9906246,0.1,45.38,32.1198,10.4634,5.4481,19.9,2.5,16.7714,33.1239,0.3465,0.0596,6.8497,0.0541,0.2328,0,0.0217,mid_gni,high_fatality_rate,21.91854638,5.626089813,5.4481,2.0197,0.2122,0.594,11.9993,0.017,9.9202,0.1612,0.1867,0.0255,0.017,0.1697,1.3663,2.2573,7.1538,0.6534,87
184.7847657,north america,bahamas,41.24625516,13.2,21310,192.5129986,0,17.126,30.2259,15.1233,3.6327,32.1,11.22675159,34.5579,21.1119,0.0325,0.0895,4.8312,0.8052,0.4311,0,0.0325,high_gni,high_fatality_rate,20.92114046,8.280522346,3.6327,1.2829,1.4991,0.8995,17.4941,0.3556,5.1318,0.258,2.6077,0.0209,0.2719,0.0349,0.9343,0.4532,10.1659,0.3974,98.4
17.43649682,asia,bangladesh,52.48674876,8.3,1190,92.78029266,0.6,65.723,9.8365,33.0143,6.9946,3.4,14.7,4.1418,43.0554,0,0.0083,1.8578,0.5972,0.1161,0.0332,0,low_gni,low_fatality_rate,29.44697472,4.973556365,6.9946,1.2664,2.1646,0.427,1.8407,0.0147,3.2249,0.1178,0.6332,0.5448,1.0602,0.2209,0.0295,0.2651,29.6422,0.3092,86.9
91.48004152,north america,barbados,50.4435787,13.6,14800,553.0118132,0.8,68.525,25.8451,21.7909,2.1187,24.8,3.9,26.9556,24.21,0.1344,0.112,5.3944,1.2324,0.3585,0,0.028,high_gni,high_fatality_rate,19.36597294,14.1639252,2.1187,1.213,1.806,0.4636,13.1382,0.3235,5.6176,0.097,3.2616,0.2318,0.3181,0.1078,0.6038,0.7817,15.6882,0.2534,99.7
58.63555135,europe,belarus,42.95748424,5.3,6460,3475.851805,0,23.333,23.8181,20.5518,4.8075,26.6,2.5,25.8815,24.1185,0.3401,0.1328,6.0202,0.5207,0.3029,0,0.0213,mid_gni,low_fatality_rate,16.06820723,13.98092172,4.8075,1.5772,0.5151,0.2316,11.5636,0.0519,2.0644,0.2316,0.4392,0,0.016,0.1957,0.8385,1.0462,18.2119,0.3394,99.7
251.0340279,europe,belgium,54.24780332,5.1,44360,2020.078141,0,2.142,26.7378,21.9956,1.3531,24.5,2.5,26.5525,23.8322,0.5466,0.4678,11.9121,0.2216,0.4235,0.0049,0.1133,high_gni,high_fatality_rate,16.94444169,18.22481643,1.3531,1.1703,0.6188,0.2373,5.6817,0,6.5057,0.1379,0.5226,0.0353,0.0994,0.077,0.0834,1.2056,19.3504,0.2982,100
167.5540724,north america,belize,56.78092204,16.5,4420,348.5697853,0.5,56.027,23.7877,21.8157,3.051,22.4,7.5,22.2799,27.6552,0.201,0.0893,4.5999,1.7864,0.2903,0,0.0372,low_gni,high_fatality_rate,32.4542775,3.762451745,3.051,0.6759,0.4155,0.3039,10.3435,0.1984,2.5053,0.031,1.4511,0.3783,0.0496,0.031,0.8062,0.3845,19.3538,0.2108,99.5
1.48,africa,benin,81.98219189,0.8,860,54.29351648,39.1,56.05,6.1742,35.3169,4.6952,8.2,10.1,6.8784,25.2632,0.7448,0.0078,1.094,3.2508,0.0233,0,0,low_gni,low_fatality_rate,42.15840157,2.891166764,4.6952,0.2064,0.8599,0.1978,3.2849,0.0258,1.2469,0.0946,7.3007,0.6535,2.597,1.0835,0.1118,1.9176,24.8775,0.3612,77.9
183.5015509,south america,bolivia,63.69471812,7.5,3080,72.81099766,10.55,31.488,30.4177,14.8252,2.7296,18.7,17.1,23.2583,27.4639,0.1826,0.0219,3.2143,0.5114,0.4894,0,0.0146,low_gni,high_fatality_rate,32.44523742,6.465436578,2.7296,1.5174,0.1831,0.5407,21.1476,0.0436,3.2703,0.1395,1.3604,0.2093,0.1483,0.4796,0.7849,0.7413,12.3485,0.1919,90
352.7698813,europe,bosnia and herzegovina,40.73018063,9.9,4680,1716.278656,0,60.233,24.6478,16.2693,3.6588,19.4,2.5,18.9995,28.5299,0.5332,0.0633,9.3808,0.6863,0.9449,0.0053,0.0158,mid_gni,high_fatality_rate,13.49808,15.44395678,3.6588,0.8354,0.3049,0.5976,9.6957,0.0915,11.2629,0.1037,0.9208,0.2012,2.2196,0.1342,2.4819,0.9574,13.2996,0.7866,99.9
108.0228156,africa,botswana,55.27026814,5.6,6510,88.79371973,7.15,42.556,16.9634,24.2543,7.183,16.1,26.4,17.5,29.7436,0.3682,0.1534,9.3971,1.5572,0.3068,0,0.0153,mid_gni,high_fatality_rate,31.9980906,3.598079103,7.183,0.2697,0.3622,0.1696,3.4759,0.1927,8.5241,0.2081,1.1715,0.1156,0.5472,0.1927,0.7399,0.1541,22.3815,0.185,96.2
297.975158,south america,brazil,44.65985467,10.4,9850,328.6700221,1.15,14.313,24.8515,23.4106,1.1278,22.3,2.5,28.1206,24.3035,0.2807,0.1266,7.0053,0.4788,0.6879,0.0165,0.022,mid_gni,high_fatality_rate,23.02764602,7.844674968,1.1278,0.7706,0.1886,0.2528,14.292,0,5.1654,0.0763,1.7097,0.2528,0.008,0.1204,0.1164,0.1766,21.2153,0.1204,98.1
431.2487993,europe,bulgaria,51.9098808,5.9,7220,1574.829045,0,26.052,27.1456,20.1603,1.8485,27.4,3.6,24.9338,26.1007,0.6659,0.24,8.7833,0.7619,0.588,0,0.024,mid_gni,high_fatality_rate,14.14401576,20.02747774,1.8485,1.2201,0.3404,0.2723,9.3523,0.0262,7.9698,0.2356,1.6547,0.0471,0.6179,0.0367,0.1885,0.3404,17.5787,0.2461,99.4
1.76,africa,burkina faso,92.17971533,2.2,660,52.74253183,32.1,70.141,7.2367,31.8195,10.5524,4.5,20,8.2367,36.4221,1.366,0.0066,1.7666,5.7595,0.0328,0,0,low_gni,low_fatality_rate,45.57206429,2.393307695,10.5524,0.4061,0.3692,0.0443,3.5741,0.0148,2.1636,0.1255,11.9406,0.5391,0.096,0.0369,0.0222,0.2658,19.1774,0.0665,82.3
35.74956852,asia,myanmar,49.05411871,6.8,13410.2027,92.47119266,2.45,65.902,26.047,20.9714,3.8192,5.7,10.6,20.9181,31.4144,0.0161,0.0911,3.2248,1.6285,0.3107,0.2625,0,high_gni,low_fatality_rate,27.55060128,5.359672609,3.8192,0.9251,2.5441,0.275,18.1335,0.0375,1.2814,0.1563,5.1194,0.6938,0.5313,0.0625,0.025,0.2688,12.7453,0.2938,80.6
67.62702161,oceania,cabo verde,52.04818784,2.3,3290,255.2028207,19.65,34.474,21.9578,21.1549,5.1318,10.6,12.6,16.839,31.2922,0.3173,0.0649,6.3172,0.3534,0.2885,0,0.0361,low_gni,low_fatality_rate,29.65060653,4.580770103,5.1318,0.8468,0.5256,0.1898,9.9204,0.1679,6.2851,0.0803,1.4819,0.4526,0.9709,0.0949,0.4161,0.1752,18.6656,0.3066,91.7
19.33508492,asia,cambodia,55.56991959,3,1070,71.26824324,23.75,79.277,18.851,24.9315,9.4179,3.5,16.4,11.4234,37.1209,0.4817,0.0153,0.3441,4.5722,0.0535,0,0,low_gni,low_fatality_rate,31.60227833,4.117942991,9.4179,0.5639,4.8461,0.2438,11.7799,0.1372,0.6248,0.1372,8.2902,0.2743,0.5029,0.3657,0.061,0.3048,11.2313,0.2591,75.5
7.93,africa,cameroon,84.2579892,6.5,1330,48.74709815,3.3,45.619,6.3264,34.5246,6.9796,9.5,9.9,6.2936,30.0923,0.5688,0.0144,0.8063,3.8301,0.1008,0,0.0072,low_gni,low_fatality_rate,42.52268628,3.205582856,6.9796,0.0746,0.9051,0.7931,3.3685,0.028,1.1197,0.084,9.7509,0.8491,0.7465,0.5319,0.1213,0.1026,23.2155,0.5505,75.6
85.26774714,north america,canada,47.2924045,7.4,47500,2209.577832,4.720860927,18.172,23.1663,24.6907,1.544,31.3,2.5,25.2684,24.4237,0.3458,0.6868,5.7905,2.416,0.6374,0.0099,0.084,high_gni,high_fatality_rate,15.97205804,16.13577846,1.544,1.2437,0.4244,0.4244,7.8211,0.062,3.8812,0.0065,2.36,0.1991,0.0979,0.0588,0.1795,1.211,20.4733,0.222,99.8
2.06,africa,central african republic,75.15610362,6.3,320,43.04208567,13.35,59.963,18.5453,27.1448,2.7645,6.3,59.6,14.6147,16.406,0.2045,0.0969,1.6363,3.6064,0.3876,0.0431,0,low_gni,low_fatality_rate,39.05261216,3.855457878,2.7645,0.1122,0.5509,0.4998,12.9144,0.0102,1.7342,0.3468,7.0183,0.4794,0.0102,1.0609,0.0408,0,19.4838,0.0918,68.5
1.29,africa,chad,100.6866607,5.7,880,39.6297004,39.15,77.529,16.8564,24.9737,7.986,4.8,37.5,12.1828,30.5171,0.0567,0.0425,2.7723,6.6931,0.0142,0,0,low_gni,low_fatality_rate,47.72033739,2.450740418,7.986,0.0701,0.648,0.0701,7.8546,0.0088,4.4308,0.7268,16.7863,0.5342,0,0.1926,0.0263,0,7.5131,0.0263,50.8
217.9334339,south america,chile,45.24316588,10,14060,676.759787,0.05,10.47,32.5206,13.5083,3.1847,28.8,2.7,29.0104,25.1743,0.2314,0.1016,5.226,0.4571,0.316,0,0.0169,high_gni,high_fatality_rate,20.14693332,11.0030114,3.1847,1.4085,0.5204,0.4186,20.2172,0.0339,5.0798,0.0396,1.1596,0.2093,0.0283,0.181,0.4356,0.7241,10.844,0.2602,99
0.354,asia,china,36.57994248,9.8,7820,627.3105752,0.35,44.386,31.0465,15.85,2.5989,6.6,8.5,30.6944,26.0059,0.1648,0.0471,2.4705,1.7892,0.387,0.0088,0.0059,mid_gni,low_fatality_rate,17.23160046,9.551206566,2.5989,2.3066,0.9817,0.2344,21.6062,0.1517,2.2156,0.4784,1.8351,0.0234,0.0676,0.0565,0.9362,1.7979,10.659,0.5763,95.5
269.4287618,south america,colombia,45.61504718,10,7130,228.4314217,2.95,23.564,21.4008,25.1475,1.7347,22.1,4.8,23.4609,26.4664,0.2626,0.0346,8.4243,0.6496,0.1313,0.4699,0.0346,mid_gni,high_fatality_rate,24.28677329,7.039005236,1.7347,1.7819,0.3717,1.2273,11.3996,0.0177,5.9535,0.118,0.9854,0.1652,0.1239,0.2832,0.2655,0.5251,23.0824,0.1829,91.4
2.03,africa,congo,95.91275719,6.4,410,42.39766405,6.35,57.506,12.9993,33.5099,2.7016,8.4,40.3,13.3391,21.1563,0.7335,0.0089,0.5725,1.7531,0.0716,0,0.0179,low_gni,low_fatality_rate,45.9929356,2.963936108,2.7016,0.1377,1.854,0.837,9.6514,0.053,0.678,0.339,5.0429,0.1483,0.0106,1.0806,0.5191,0.0212,26.0091,0.5827,52.4
152.9373837,north america,costa rica,45.36935187,8.5,10210,552.1369111,0.15,23.179,20.5571,27.3652,1.6733,25.7,4.8,24.0045,26.0949,0.0739,0.0739,11.7861,1.4602,0.5545,0.0123,0.0062,mid_gni,high_fatality_rate,22.30866188,8.901047246,1.6733,1.1492,0.9286,0.57,5.6449,0.0138,6.67,0.0552,1.0389,0.2436,0.0414,0.0506,0.4045,0.354,24.8736,0.1701,97.8
3.15,africa,cote d'ivoire,83.49039142,2.3,1410,50.44204029,16,45.82,5.3253,36.514,4.9709,9,19,5.1282,27.6007,0.1859,0,0.6506,2.2727,1.4109,0,0.0084,low_gni,low_fatality_rate,42.47431762,3.026915864,4.9709,0.4271,1.2268,0.5271,2.5809,0.0091,0.5634,0.2545,4.8891,0.1,0.6089,1.2359,1.9357,2.3355,27.7354,0.3272,81.9
296.7992645,europe,croatia,51.1207047,5.6,12690,2000.90318,0.35,41.036,29.3768,15.1796,2.9565,27.1,2.5,30.3552,22.1501,0.642,0.1162,11.4561,0.5866,0.9242,0.0387,0.0221,high_gni,high_fatality_rate,14.89065558,18.93707475,2.9565,0.9476,0.5633,0.2577,11.4896,0,8.7951,0.131,1.8123,0.0175,0.0655,0.0393,2.6726,0.6987,11.7123,0.393,99.6
73.06690108,north america,cuba,43.42712073,10,13410.2027,473.2329026,0.5,22.926,25.9025,18.0644,4.4779,26.7,2.5,20.4868,26.954,0.1187,0.0057,4.3024,2.6063,0.1753,0,0,high_gni,high_fatality_rate,16.3053329,13.97284637,4.4779,1.4788,0.2638,0.6179,16.0233,0.0139,4.7695,0.1458,2.6937,0.6248,0.0417,0.3749,0.1458,0.0069,14.5446,0.5554,94.9
54.74984982,europe,cyprus,41.63596652,9.6,25930,2368.627668,0,33.079,20.9578,23.7064,3.4616,22.6,5.6,25.0287,27.132,0.2117,0.0436,7.3613,1.1335,0.6415,0.0062,0.0125,high_gni,low_fatality_rate,16.55101691,12.84544752,3.4616,1.0044,0.7309,0.3632,10.5506,0.1614,6.6945,0.1031,2.1164,0.0628,0.0538,0.0404,1.9236,0.8609,19.7381,0.2601,100
57.82238977,europe,denmark,55.86142944,7.2,58590,2388.227634,0,12.324,35.4131,11.7891,1.4741,21.3,2.5,32.3233,19.9822,0.3937,0.4246,12.009,0.3185,0.9245,0.0044,0.0575,high_gni,low_fatality_rate,16.8810077,18.95943981,1.4741,1.7484,1.1313,0.5257,9.2408,0,8.8142,0.2285,0.7161,0.0152,0.1752,0.0533,1.6874,1.1846,8.4752,0.2819,100
21.28711589,africa,djibouti,58.53386781,8.4,13410.2027,73.72450313,11.85,22.657,11.1065,33.0452,4.3977,12.2,18.9,11.5112,36.2874,0.0225,0.0225,3.4863,0.2549,0.1949,0,0.0075,high_gni,low_fatality_rate,32.73541692,4.186578755,4.3977,0.2494,0.291,0.1247,5.121,0.1413,3.8573,0.1912,0.4323,0.557,0.3159,0.0333,0.5653,0.4157,31.449,0.4572,90
64.66703357,north america,dominica,58.85688141,12.6,6760,810.3823208,6.109423019,30.461,26.925,19.0566,1.4913,28.2,6.2,24.0998,22.2486,0.038,0.0634,8.3434,0.7095,0.6018,0,0.0127,mid_gni,low_fatality_rate,27.71630421,8.646010834,1.4913,0.3619,1.6536,1.1856,13.7339,0.1123,7.232,0.1373,4.8172,0.1373,0.468,0.4867,1.7846,0.0312,12.3237,0.2309,89.77070064
40.33854746,north america,dominican republic,57.75732496,8.8,6130,131.4869546,2.4,21.02,15.2779,29.2389,1.4528,26.9,9.5,19.4518,30.1204,0.4784,0.0224,7.1386,0.7774,0.4111,0,0,mid_gni,low_fatality_rate,29.95884176,6.652659461,1.4528,1.1248,0.2484,3.6133,7.3718,0.0422,4.1194,0.1875,2.9103,0.1921,0.0609,0.0797,0.2906,0.0703,25.8881,0.1218,84.7
208.6239017,south america,ecuador,55.57777234,9.2,6010,174.6429935,1.95,36.258,20.9283,24.825,3.6672,19.3,7.9,18.2801,33.9324,0,0.0988,7.3579,0.6385,0.0532,0,0.0152,mid_gni,high_fatality_rate,29.01927441,6.704191426,3.6672,1.0246,0.2519,0.4367,8.7453,0.028,6.0803,0.1008,0.8566,0.0616,0.0392,0.084,0.1848,0.0784,23.5541,0.084,86.9
23.77057747,africa,egypt,62.28639809,16.7,3340,232.6057473,0,56.865,15.9979,20.3539,13.4988,31.1,4.5,9.9352,39.0486,0.0052,0.0467,2.0919,0.5969,0.2024,0,0.0052,low_gni,low_fatality_rate,33.16028013,5.220261196,13.4988,0.8448,1.32,0.7216,6.4678,0.0088,3.6343,0.2992,4.4615,0.1584,0.2376,0.1936,0.0792,0.2992,13.6132,0.66,99.4
62.41652157,north america,el salvador,54.32195105,9.2,3940,251.1279383,1.85,33.274,23.3032,16.337,8.1958,22.7,9,18.3765,28.166,0.1203,0.0468,7.0364,1.3699,0.294,0,0.0267,low_gni,low_fatality_rate,27.02860632,8.171798211,8.1958,1.6034,0.4514,1.4321,6.6547,0.1012,8.1491,0.0545,5.0669,0.5837,0.0311,0.1401,0.3269,0.1167,10.2506,0.4514,93.8
147.256322,europe,estonia,53.48614119,4.4,18480,1600.57895,0,32.462,33.219,10.6299,2.8982,23.8,2.9,28.3094,21.7754,0.5907,0.2233,15.424,0.1861,0.7535,0.0047,0.0233,high_gni,high_fatality_rate,16.0878224,18.75970433,2.8982,1.583,0.2818,0.3805,10.4279,0.0188,14.275,0.1174,0.3664,0.0658,0.1926,0.0892,2.7855,1.2495,8.4457,0.2865,99.6
6.98,africa,ethiopia,81.56767847,3.4,590,51.7389878,17.2,80.528,11.1691,21.033,11.3929,3.6,20.6,5.0129,33.9192,0.1676,0.0076,2.1938,0.8074,0.3047,0,0,low_gni,low_fatality_rate,41.44022759,3.483890604,11.3929,0.2238,0.0559,0.4102,4.1768,0,5.1091,0.1678,2.6851,2.5545,2.6851,0.8018,0.0186,0.7459,17.4156,0.1305,57.3
78.23840295,oceania,fiji,52.84830729,13.8,4800,329.7953196,0,46.272,20.0472,28.5698,1.5114,30,3.7,18.6958,25.83,0.2232,0.2435,2.7323,1.8734,0.3382,0,0.0203,mid_gni,high_fatality_rate,28.74465474,5.831002808,1.5114,0.5773,1.4694,0.084,8.423,0.0262,1.7948,0.0945,8.9635,0.2991,0.1312,0.3569,0.4408,0.1469,17.8168,0.1732,95.7
31.26588718,europe,finland,58.26668653,6,46360,5439.976152,0,15.779,36.725,11.1206,1.7872,24.9,2.5,34.1924,21.2166,0.4797,0.2505,14.3706,0.3524,1.0826,0.0042,0.0594,high_gni,low_fatality_rate,16.33833062,20.4771837,1.7872,0.8524,0.9384,0.2901,16.6649,0.1146,11.8155,0.0788,0.6017,0.0179,0.043,0.0537,0.7844,0.5157,8.8607,0.2041,100
186.696625,europe,france,60.26679873,5.3,40580,1544.129126,0,20.48,30.2594,18.0566,1.4334,23.2,2.5,30.6914,23.4964,0.1784,0.2677,11.1617,0.4104,0.7361,0.0045,0.0134,high_gni,high_fatality_rate,18.48353324,19.12051096,1.4334,0.9894,0.8752,0.3869,11.0864,0.0159,7.9533,0.1554,0.685,0.0254,0.0285,0.0412,0.6279,0.853,15.4658,0.1776,100
16.69282649,africa,gabon,73.10581547,7.8,9210,55.56848917,1.65,12.844,19.2656,26.5825,4.1074,13.4,10.5,16.4366,27.804,0.6967,0.0188,1.7071,3.3264,0.1004,0,0.0126,mid_gni,low_fatality_rate,37.12693272,5.104932962,4.1074,0.1956,2.0359,0.6401,13.4068,0.1422,2.2937,0.5957,8.9438,0.0089,0,0.5779,0.7112,0.0178,15.3805,0.2045,93.2
17.22818149,africa,gambia,94.16772402,2,13410.2027,44.00270891,0.95,40.368,6.0418,40.123,4.9416,8.7,10.2,10.313,35.7409,0.2116,0.0078,3.3702,8.0649,0.4232,0,0.0157,high_gni,low_fatality_rate,46.18428428,2.313850252,4.9416,0.2113,1.3488,0.0373,1.3488,0.0622,2.8468,0.0311,12.4751,0.0311,0,0.0124,0.0995,0.2362,25.9883,0.0746,90.2
375.1019299,europe,georgia,45.673028,6.4,4160,402.6669256,0.55,46.359,25.2749,17.3282,4.5695,23.3,7.9,19.0733,30.4825,0.1495,0.169,8.2299,0.299,0.6436,0.0065,0.026,low_gni,high_fatality_rate,17.32746439,14.02565921,4.5695,1.1781,0.4284,0.2071,7.2326,0.1071,9.0818,0.1,0.6854,0,0.0714,0.0928,2.7774,1.1566,14.8579,0.1999,100
137.7062635,europe,germany,51.80605869,7.4,45790,2950.77713,0,24.699,28.1419,20.299,1.1778,25.7,2.5,30.2165,21.766,0.6525,0.3023,12.0526,0.7821,0.6669,0.0048,0.0288,high_gni,high_fatality_rate,12.88582413,21.24065194,1.1778,1.0462,0.7019,0.2632,8.9127,0,6.4289,0.0472,0.8909,0.0101,0.0844,0.0607,0.6614,1.6739,16.8163,0.216,100
4.72,africa,ghana,73.04414373,2.3,1480,54.5362198,12.95,45.958,7.6875,34.4699,5.6789,9.7,5.5,5.2415,23.3065,0.1509,0.0079,0.5878,2.5576,0.0159,0,0.0159,low_gni,low_fatality_rate,38.81713803,3.394139481,5.6789,0.3472,2.7774,1.2151,3.1618,0.0496,0.4216,0.1736,10.9113,0.3968,1.2771,2.0087,0,0.0868,20.4464,0.248,88.7
192.0779265,europe,greece,56.24728159,5.2,20290,5950.901056,0,21.993,17.9063,29.8648,1.328,27.4,2.5,20.9271,28.9014,0.2376,0.0998,11.0689,0.6036,0.6273,0.0095,0.0285,high_gni,high_fatality_rate,14.60232704,21.39655818,1.328,0.7749,0.3245,0.2484,6.6267,0.0298,8.3355,0.1424,1.8413,0.0795,0.0497,0.0431,0.7749,1.881,25.5332,0.2848,100
187.2220922,north america,grenada,50.69971504,11.4,8430,399.7166169,1.35,64.409,23.0842,21.7353,1.4883,20.2,11.22675159,27.9292,23.975,0.1204,0.0567,6.5812,0.5809,0.1204,0,0.0283,mid_gni,high_fatality_rate,26.48350105,7.159372806,1.4883,1.444,1.2856,2.8436,12.9576,0.1267,4.8195,0.0823,3.3186,0.19,0.8803,0.0697,0.874,0.1393,16.8841,0.1077,96.6
98.55657782,north america,guatemala,70.85067193,11.1,3590,113.6515809,3.6,48.429,15.4397,22.9332,9.3956,18.8,15.2,18.0926,29.8469,0.0787,0.0358,2.9408,1.431,0.4865,0,0.0143,low_gni,high_fatality_rate,36.62282152,4.846533635,9.3956,2.6186,0.1482,1.2516,7.0735,0.0247,3.7385,0.0988,3.7879,0.5764,0.1235,0.0247,0.3788,0.9305,17.8113,0.2553,92.8
3.1,africa,guinea,83.80803921,2.2,470,48.36552816,7.7,62.839,6.0747,38.5701,4.7086,6.6,16.5,5.7602,36.0464,0.0404,0.0162,1.4797,3.5417,0.2183,0,0.0081,low_gni,low_fatality_rate,42.53199604,3.063419462,4.7086,0.3125,0.5014,0.3415,2.8993,0.0363,1.4896,0.1163,6.6633,0.1744,0,0.3343,0.2616,0.0073,30.6133,0.7848,76.8
8.08,africa,guinea-bissau,78.44823833,2.2,590,50.23050486,9.45,50.668,10.8323,35.5067,2.8828,8.2,28,7.8357,38.3797,0.1925,0.034,2.1857,1.2684,0.0793,0,0.0113,low_gni,low_fatality_rate,40.79291882,3.168422051,2.8828,0.1509,0.0715,0.2938,8.0527,0.0556,1.8027,0.1271,1.7154,0.0794,0,0.1985,0.2224,3.3116,30.3288,0.0794,79.3
137.4032865,south america,guyana,51.0881276,11.2,4090,68.14673642,0.15,71.447,22.7418,21.6184,2.9072,19.2,8.1,18.8214,29.4454,0.1537,0.0114,8.5249,2.0885,0.2959,0,0.0285,low_gni,high_fatality_rate,28.80697706,5.006485592,2.9072,0.334,1.169,1.503,12.555,0.0911,7.6287,0.0531,9.3518,0.3871,0.8653,0.129,0.9261,0.8805,9.0633,1.1538,98.3
7.15,north america,haiti,62.26450509,6.9,820,60.82654866,13.35,41.355,12.1462,28.9614,5.7517,20.5,49.3,11.9658,29.6604,0,0.03,1.6922,1.3117,0.8511,0.01,0.01,low_gni,low_fatality_rate,33.74137236,4.630855171,5.7517,0.1353,0.3722,1.6804,7.8944,0.0564,1.8608,0.1353,3.3157,0.8458,0,0.5526,0.3609,0,25.1494,0.1241,57.7
129.2002784,north america,honduras,57.76867708,9.2,2270,104.4342292,2.4,45.27,16.7113,23.805,8.3159,19.4,12.9,18.8834,30.8325,0.1091,0.0156,6.1253,0.2182,0.6858,0,0.0156,low_gni,high_fatality_rate,31.76279805,4.853264248,8.3159,0.7448,0.1302,0.376,7.8603,0.0651,5.2281,0.0868,0.5857,0.4194,0.0289,0.0217,0.3833,0.1012,22.8722,0.1157,91.2
398.0421519,europe,hungary,47.87781433,7.3,12990,1118.830703,0,28.773,28.9972,18.8711,1.2735,28.6,2.5,30.356,23.1893,0.5289,0.5687,9.8157,0.2616,0.4777,0,0.1081,high_gni,high_fatality_rate,14.55870778,17.81789855,1.2735,1.2018,0.1954,0.127,10.0576,0,5.2308,0.0033,0.3583,0.0391,0.1107,0.0391,0.7393,0.0456,18.0699,0.2019,100
11.18422842,europe,iceland,51.59234209,6.1,49730,3662.651717,0,5.863,34.4402,10.6539,4.3005,23.1,2.5,37.2484,19.1481,0.3794,0.3298,12.5102,0.5142,0.9184,0.0035,0.0035,high_gni,low_fatality_rate,20.31964787,13.71389542,4.3005,0.8991,1.6872,0.4975,13.6029,0.1199,11.0046,0.1349,0.8931,0.012,0.1079,0.03,1.5254,0.5005,7.4053,0.1678,100
36.72520548,asia,india,52.44887197,9.3,1590,89.58819813,27.1,67.253,16.0538,26.7945,5.1196,3.8,14.5,9.6941,34.8232,0.0077,0.0306,7.8142,1.1174,0.176,0.0459,0,low_gni,low_fatality_rate,28.78812732,5.616110171,5.1196,0.7653,0.3783,0.4046,0.9061,0,6.4919,0.0264,3.7386,1.1084,0.8005,0.0792,0.0176,0.5014,21.7804,0.3958,94.1
55.94497038,asia,indonesia,48.95607776,6.5,3440,110.778553,16.75,46.258,9.1722,34.6376,6.6871,6.9,8.3,7.7815,39.6333,0.0073,0.0219,1.0854,2.3529,0.4006,0.0219,0,low_gni,low_fatality_rate,27.69238722,5.173729081,6.6871,1.4549,2.5122,0.7139,3.6237,0,0.7049,0.1627,7.3649,0.0452,0.3886,0.3072,0.497,0.3976,24.0918,0.2711,87.4
166.3597663,asia,iran,40.19461907,10.1,13410.2027,520.1124854,0,26.625,16.9273,26.7426,5.5867,25.5,4.9,12.7084,35.6891,0,0.2626,2.8201,0.1313,0.3311,0.0057,0.0057,high_gni,high_fatality_rate,23.60947147,5.061114707,5.5867,1.3259,0.6114,0.6243,6.1724,0,2.6389,0.1416,0.4055,0.2961,0.2124,0.1738,0.0451,4.9044,20.2935,0.5278,96.2
66.32550316,asia,iraq,78.69586062,9.3,5550,136.6851412,0,30.529,11.1327,31.5031,6.2761,27.4,29,10.4288,39.2223,0.0083,0.033,2.2547,0.3799,0.3469,0,0.0165,mid_gni,low_fatality_rate,40.98275847,3.056236246,6.2761,1.9023,0.1441,0.2306,3.5164,0.0432,1.7366,0.0288,0.9584,0.1369,0.0576,0.0288,0.7278,0.6341,29.6152,0.1513,86.6
127.3944917,europe,ireland,53.65716532,4.4,46680,1534.504092,6.109423019,36.759,27.1689,19.0663,2.7091,26.9,2.5,28.3966,23.7556,0.7787,0.3115,9.6847,0.5569,0.59,0.0047,0.0425,high_gni,high_fatality_rate,21.78056144,13.13950301,2.7091,0.9231,0.9372,0.2829,10.0477,0.0283,6.5464,0.0707,0.863,0.0389,0.0707,0.0531,1.5137,0.8417,16.1839,0.2405,97.9
98.36046012,asia,israel,64.12940849,7.5,35440,1575.804047,0,7.86,15.8138,30.4366,1.6083,26.7,2.5,21.5354,30.0384,0.11,0.0204,8.3374,1.5444,0.4931,0.0041,0.0326,high_gni,high_fatality_rate,27.83345709,11.23901233,1.6083,0.87,0.5746,1.6051,8.1541,0.0257,4.8443,0.0867,3.0787,0.1605,0.061,0.0353,0.8315,1.3194,25.1782,0.2857,100
225.982382,europe,italy,56.54415147,5.1,32790,4945.726266,0,31.036,21.8727,26.9951,1.3598,22.9,2.5,23.4701,29.4619,0.1827,0.1405,8.0191,0.178,0.5996,0,0.0141,high_gni,high_fatality_rate,13.71038193,22.4098759,1.3598,1.0529,0.7327,0.2541,8.7134,0.0198,5.9146,0.0627,0.4753,0.0858,0.0099,0.0297,0.1056,1.4324,24.127,0.2277,100
90.72096571,north america,jamaica,48.62651083,11.5,5010,158.4234269,0.65,45.212,23.0867,23.2647,2.2375,24.4,8,23.9797,25.195,0.103,0.048,5.7515,0.9266,0.3226,0,0.0343,mid_gni,high_fatality_rate,23.57833915,9.138896695,2.2375,0.3242,1.2204,0.4322,9.5156,0.1081,5.7081,0.1462,3.4389,0.089,1.4302,0.2161,0.3496,0.1398,18.1732,0.2924,93.8
14.4842638,asia,japan,64.46694702,5.7,36680,3367.251871,0,6.502,19.4516,30.6767,1.8642,4.4,2.5,20.7267,30.849,0.2541,0.0058,4.1058,4.9835,0.6699,0.0462,0.0289,high_gni,low_fatality_rate,12.85549617,26.34201314,1.8642,3.1241,3.2666,0.1881,7.8331,0.0285,3.2096,0.1026,2.9816,0.0342,0.1425,0.0513,0.8266,0.6499,23.4308,0.3478,100
166.6063822,asia,jordan,64.77538658,11.7,4680,151.4008885,0,16.321,12.2622,33.0528,3.7391,33.4,12.2,16.0096,33.364,0.0072,0.0289,4.7826,1.0636,0.6295,0,0.0145,mid_gni,high_fatality_rate,35.5254237,3.785900594,3.7391,0.5224,0.3189,0.198,5.8122,0.0385,3.6512,0.088,2.5074,0.2584,0.1155,0.055,0.5994,0.9018,29.0553,0.2694,96.9
103.8011241,asia,kazakhstan,50.27004132,6.4,11580,778.1584244,0,46.753,23.4158,23.6218,1.7405,21.3,2.5,24.8592,26.0482,0.2369,0.2053,12.8645,0.4264,0.4422,0,0.0316,mid_gni,high_fatality_rate,26.71739925,6.735737743,1.7405,0.8975,0.1321,0.1787,9.674,0.0389,9.5031,0.1748,0.6488,0.0078,0.0272,0.1088,0.9946,0.7654,21.7258,0.3497,92.9
11.67853362,africa,kenya,80.86946228,2.4,1340,44.96329819,7.3,74.378,17.7332,20.2618,9.9701,6,29.4,12.1498,31.8577,0.1724,0.0411,5.4114,0.4434,0.4681,0,0.0411,low_gni,low_fatality_rate,41.90906283,2.802444162,9.9701,0.3438,0.2773,1.0757,6.5654,0,8.4951,0.1885,1.6746,0.8429,0.0555,0.2551,0.0665,0.5989,17.5003,0.2107,63.2
0,oceania,kiribati,63.00039147,18.6,3230,92.234191,27.8,55.696,10.5699,39.8902,1.956,45.6,2.7,16.672,24.2145,0.0338,0.0473,0.602,4.1328,0.0676,0,0,low_gni,low_fatality_rate,34.94658566,3.703868426,1.956,0.265,3.0833,0.3517,6.1955,0.0434,0.2553,0.0193,28.5639,0,0.0145,0.2409,0.0193,0.8094,7.2939,0.1397,66.9
0,asia,north korea,44.31443847,4.4,13410.2027,192.1817928,0,39.125,11.4709,30.1783,7.2234,7.1,47.8,7.4612,38.7097,0.0287,0,0.3348,1.8464,0.0287,0,0,high_gni,low_fatality_rate,21.16742556,9.539438521,7.2234,1.6911,0.5375,0.6424,8.7179,0.0131,0.4195,0.0918,0.9832,0.6555,0,0.3146,0.0393,0.0262,27.5957,1.0357,99.7
11.11285734,asia,south korea,37.211136,7.2,27440,1825.728453,0,17.526,20.0483,29.4218,1.8403,4.9,2.5,21.3268,32.4873,1.0359,0.1804,1.644,2.9221,0.2268,0.0618,0,high_gni,low_fatality_rate,13.99269992,13.126919,1.8403,1.3524,1.9147,0.1766,11.186,0,1.1386,0.1534,1.8914,0.0186,0.0372,0.0325,0.237,1.2036,23.7197,0.6924,89.77070064
63.41025381,asia,kuwait,32.09031154,20,40930,2601.827424,0,1.658,19.8923,24.6163,3.0847,37,2.8,19.4775,30.7257,0,0.025,6.6516,0.4758,0.6211,0,0.005,high_gni,low_fatality_rate,22.32410913,1.970111366,3.0847,2.3242,0.3732,0.3496,9.5706,0.1086,5.2766,0.189,1.3416,0.1984,0.5385,0.0472,1.5353,1.181,21.215,0.5055,99
5.47,asia,laos,62.81394297,3.6,1730,75.34125662,12.15,61.386,21.6306,18.2368,9.0989,4.5,16.5,10.4529,37.9226,0.0541,0.1082,0.2644,1.8629,1.941,0,0.006,low_gni,low_fatality_rate,34.76961192,3.810586939,9.0989,0.4974,1.6871,0.8777,15.0283,0.0878,0.2243,0.2243,5.6076,0.1365,1.0435,0.3121,0.078,0.0683,9.762,1.1118,75.7
230.990073,europe,latvia,52.1836352,5.4,14900,896.7322098,0,32.618,30.439,16.4521,1.5314,25.7,2.5,27.442,22.913,0.6062,0.7346,10.449,0.3493,0.6627,0.0051,0.0257,high_gni,high_fatality_rate,14.92212902,19.36779594,1.5314,1.343,0.8819,0.2526,9.7976,0.0361,7.8613,0.1122,0.6334,0,0.0321,0.1323,2.0044,0.8819,13.7943,0.2606,99.3
155.8605463,asia,lebanon,47.33769414,13,7930,951.7818175,0.2,12.208,12.4024,33.9505,2.253,31.3,11,14.5189,32.7718,0.0517,0.0443,5.4607,1.2636,0.7389,0,0.0148,mid_gni,high_fatality_rate,23.99303815,8.135667555,2.253,0.329,0.3681,0.58,5.1361,0.039,4.3553,0.0502,2.8385,0.2175,0.0836,0.1171,0.725,2.911,27.4593,0.3736,99
31.14722003,africa,lesotho,67.26589284,3.9,13410.2027,57.95678469,18.05,72.688,12.96,17.5943,18.3763,13.5,13.1,9.4893,38.2862,0.2653,0.0078,1.7948,0.3043,0.0624,0,0,high_gni,low_fatality_rate,36.07264937,4.142299236,18.3763,0.2415,0.253,0.1495,9.1881,0.046,2.4149,0.345,0.782,0.4025,0.391,0.184,0.1495,0.0345,16.3523,0.1725,81.8
6.37,africa,liberia,82.87271056,2.3,380,46.08814705,37.55,50.299,7.4228,38.947,3.3592,8.6,37.2,7.106,36.0694,0.0752,0.0251,0.3258,1.6416,0.0501,0,0.0125,low_gni,low_fatality_rate,42.30572287,3.011432599,3.3592,0.2528,0.3702,0.1445,6.0051,0.0361,0.2438,0.1355,1.5803,0.0361,0,0.307,0.1174,0.3883,36.4186,0.1896,75.6
253.831439,europe,lithuania,50.06602969,4,15000,1600.828966,6.109423019,33.492,32.3048,15.9766,1.7819,28.4,2.5,30.7063,22.3572,0.5273,0.2077,13.0577,0.3435,0.4194,0.004,0.02,high_gni,high_fatality_rate,14.5148789,18.84779939,1.7819,1.9226,1.238,0.3283,14.2134,0.0094,5.4302,0.1125,0.8441,0.2345,0.197,0.061,0.3423,0.9238,12.7128,0.2579,96.6
160.6176142,europe,luxembourg,43.70940115,4.7,77000,1650.37887,0,9.84,32.4517,12.4158,1.8437,24.2,2.5,34.5727,20.045,0.594,0.2452,10.6124,0.3253,2.5364,0.0047,0.0189,high_gni,high_fatality_rate,16.43367248,13.98141454,1.8437,1.6645,0.6987,0.3256,16.3118,0.0658,7.2286,0.0658,0.6402,0.0146,0.1646,0.0329,3.3838,0.128,10.6855,0.2634,100
4.24,africa,madagascar,80.33338854,4,420,49.39245447,28.85,64.895,19.0932,18.5399,10.0681,4.5,44.4,7.8297,34.9973,0.0931,0.0349,2.3169,0.1746,0.3842,0,0,low_gni,low_fatality_rate,41.70933498,2.837816928,10.0681,0.3406,0.745,1.2984,11.5581,0.0213,4.4274,0.298,1.5113,0.3193,0.2554,0.9153,0.1916,0.2129,15.8791,0.1916,51.5
13.73202522,africa,malawi,94.54637854,3.6,350,43.96310355,2.75,83.728,18.8711,15.1329,13.0891,4.7,17.5,8.8007,28.6686,0.1544,0.0956,0.2646,3.2713,0.0809,0,0,low_gni,low_fatality_rate,45.15698075,3.441394226,13.0891,0.2753,0.6672,1.3767,14.6458,0.0106,0.4024,0.2542,5.6232,0.7519,0.0529,1.3555,0.0318,0.2012,8.4189,0.2224,90.2
103.8112582,asia,malaysia,44.736656,17.9,10570,326.5203766,0,25.295,17.1723,31.3931,2.2933,15.3,2.5,20.1101,32.812,0.0824,0.0634,1.527,0.6273,0.1901,0,0.0063,mid_gni,high_fatality_rate,25.01798637,5.890817113,2.2933,2.7596,1.8599,0.1756,9.8041,0.0713,1.2289,0.0329,1.7502,0.0658,0.6584,0.0329,0,0.3731,27.174,0.2359,98.2
64.03316038,asia,maldives,47.44842249,9.2,6670,176.8916921,0,54.464,29.7398,20.2239,4.5092,7.9,10.3,19.738,31.5719,0.0367,0.0612,4.8394,0.3793,0.52,0.0061,0.0061,mid_gni,low_fatality_rate,27.47864059,4.701133211,4.5092,3.2756,8.4068,0.4665,5.836,0.4561,7.3909,0,1.3683,0.0518,1.1713,0.0622,1.7207,4.9756,4.9549,0.5183,98.6
3.75,africa,mali,100.1835351,2.2,790,51.31022272,5.75,60.084,17.4631,19.6948,12.0873,7.1,6.3,9.9163,37.6303,0.2414,0.0177,5.6769,1.2131,0.1237,0.0059,0,low_gni,low_fatality_rate,47.52618426,2.519657444,12.0873,0.1327,0.4065,0.2987,5.6745,0.0249,9.7146,0.3152,3.3765,0.5475,0.1244,0.1327,0.0332,1.3357,14.1945,0.3816,77
110.3555721,europe,malta,50.78462835,9.9,13410.2027,2096.778018,0,4.593,29.3856,13.8909,4.8786,31,2.5,28.9698,23.3059,0.2579,0.0688,9.1968,0.5802,0.6188,0,0.0215,high_gni,high_fatality_rate,14.43213032,19.24809516,4.8786,1.3878,1.3074,0.2666,10.6541,0.0169,9.3298,0.0508,1.4978,0.0804,0.0804,0.0296,2.6783,1.172,9.3975,0.5162,100
21.29038412,africa,mauritania,76.13809182,2.3,13410.2027,50.96100145,23.1,40.141,17.4021,28.1475,4.3092,11.3,10.4,15.922,34.1838,0,0.0188,7.9737,0.3257,0.5951,0,0.0063,high_gni,low_fatality_rate,40.01640785,3.209955639,4.3092,0.4337,0.5369,0.0895,5.7479,0.0688,8.646,0.2822,0.5025,0.3373,0,0.0207,0.1652,0,26.9567,0.1514,57.9
62.25224833,africa,mauritius,40.61770867,22.3,9610,352.9694732,0.05,60.329,12.8934,33.0515,3.2471,11.5,6.5,16.0351,34.3245,0.2315,0.0508,5.7538,0.7849,0.3783,0,0.0169,mid_gni,low_fatality_rate,19.3221553,9.563057841,3.2471,0.7355,1.0457,0.1501,6.7594,0.1001,2.8418,0.055,1.566,0.2502,0.3452,0.025,0.9856,0.2702,29.9945,0.1751,99.9
235.7381075,north america,mexico,51.6816002,15.8,9710,302.8472153,0.4,20.754,23.7741,18.9796,6.4604,28.4,3.6,23.5051,28.9329,0.2784,0.0107,5.6906,0.6906,0.0803,0.0428,0.0214,mid_gni,high_fatality_rate,27.60543641,6.466989075,6.4604,2.2807,0.4661,0.5305,13.2133,0.005,4.3433,0.2182,1.185,0.238,0.2529,0.0248,0.2033,0.7437,16.3419,0.2429,96.1
289.0986593,europe,moldova,34.57382903,7.1,2220,828.4078739,0.05,55.005,26.5244,20.2813,2.557,20.1,11.22675159,22.656,28.9622,0.3236,0.2052,9.0285,0.1026,0.2525,0,0.0158,low_gni,high_fatality_rate,15.73340392,9.957932088,2.557,1.5517,0.6921,0.2987,9.7764,0.0656,7.5326,0.1238,0.2841,0.0291,0.0146,0.0874,0.8305,0.1093,18.8388,0.357,88.4
69.581168,asia,mongolia,47.64877847,5.4,3830,229.7813435,5.1,27.96,36.9018,8.6009,2.7445,19.6,13.4,35.4145,22.8011,0.2367,0.1092,9.7706,0.091,0.4005,0,0.0182,low_gni,high_fatality_rate,28.22788694,4.043818225,2.7445,0.593,0.0315,0.042,21.0223,0.0525,9.0628,0.6717,0.1259,0.0105,0.0052,0.042,1.6373,0.0787,8.2231,0.1417,64.4
387.378934,europe,montenegro,47.71037386,10.5,7240,2101.078011,0.05,35.974,32.7855,10.6635,3.7312,24.9,2.5,30.7714,22.9708,0.1588,0.0882,14.9495,0.3221,0.8207,0.0044,0.0176,mid_gni,high_fatality_rate,18.6549288,13.64502917,3.7312,1.1566,0.3473,0.3688,14.7778,0.1003,12.5363,0.0752,0.5837,0.0788,0.043,0.0251,2.5531,0.8415,8.6332,0.2578,99.7
43.19393571,africa,morocco,50.12828426,8.1,3040,102.7528398,4.55,39.805,15.4227,27.1096,7.1539,25.6,3.4,12.4557,37.2929,0.0204,0.0255,2.5342,0.0816,0.3518,0,0.0051,low_gni,low_fatality_rate,27.22206096,6.168238882,7.1539,1.1517,1.2329,0.7014,6.9989,0.0074,2.2296,0.2289,0.7309,0.1477,0.3987,0.096,0.1993,1.9048,22.9457,0.2953,85.4
7.17,africa,mozambique,94.7503396,2.6,580,49.80769354,26.3,67.786,11.591,28.5469,8.8101,6,27.9,6.8128,27.6849,0.1562,0,1.562,0.6248,0.2831,0,0,low_gni,low_fatality_rate,45.30351728,3.348690356,8.8101,0.5537,0.849,0.1846,6.8783,0.0369,2.0795,0.1107,1.1936,0.7014,0.0246,0.849,0.0984,0.8244,25.5199,0.16,51.1
147.7531997,africa,namibia,67.266778,4.2,5210,58.44611747,34.4,53.34,16.7373,24.6503,6.802,15,27.3,17.4959,25.9868,0.386,0.0483,4.6244,0.4745,0.2493,0,0.0241,mid_gni,high_fatality_rate,36.69013311,3.525131872,6.802,0.2718,0.6075,0.2798,7.7772,0.0959,4.548,0.2078,0.8792,0.4316,0.4236,0.5915,0.5995,0.1199,22.9078,0.1359,91
40.66115587,asia,nepal,61.84173909,3.7,730,70.01192138,18.6,81.385,12.1853,27.9249,7.1664,3.8,8.7,5.6854,38.6989,0.0407,0.0271,3.7648,0.1628,0.1018,0.0068,0.0068,low_gni,low_fatality_rate,32.66410883,5.547133483,7.1664,0.4361,0.1563,0.5513,2.7069,0.0082,5.4139,0.1563,0.4525,0.5513,1.1437,0.1975,0.2468,0.5019,26.2136,0.6006,91.6
126.3069391,europe,netherlands,53.26548811,5.5,48940,2200.802879,0,9.504,30.1494,18.6826,1.2702,23.1,2.5,31.0759,21.7485,0.3823,0.0573,13.7921,0.1864,0.3393,0.0048,0.043,high_gni,high_fatality_rate,16.52327168,18.23046939,1.2702,1.4787,0.7451,0.3475,10.8567,0,10.3934,0.027,0.3591,0.0309,0.1235,0.0849,0.0541,1.498,15.8449,0.2355,100
1.11,oceania,new zealand,54.00824581,7.3,40080,1137.930498,6.109423019,13.716,34.1264,14.5594,1.3271,32,2.5,32.5044,21.2735,0.3023,0.1539,4.4303,1.2917,0.3463,0.0055,0.011,high_gni,low_fatality_rate,20.20690618,14.8615024,1.3271,1.2111,0.6485,0.3049,13.9409,0,4.2948,0.0601,2.0228,0.0773,0.0859,0.0687,0.0945,1.3357,10.2689,0.2835,100
3.57,north america,nicaragua,54.12985765,9.2,1940,97.29263052,4.9,41.221,17.9935,21.9466,9.2369,21.8,17,17.2912,31.2156,0.0907,0.0302,5.9264,0.9902,0.0832,0,0.0076,low_gni,low_fatality_rate,30.03428788,5.085356341,9.2369,1.008,0.4174,0.1339,7.6069,0.1102,6.5123,0.1102,1.9214,0.4646,0.0079,0.1024,0.4252,0.0315,19.3952,0.1811,87
1.38,africa,niger,112.9728005,2.2,390,46.11748259,43.55,81.268,10.9769,24.5918,12.436,4.7,16.5,5.1959,35.5176,0.0061,0.0244,3.474,4.1028,0.0549,0,0,low_gni,low_fatality_rate,50.46557838,2.580068867,12.436,0.058,0.1353,0.2416,3.6332,0.0097,4.3193,0.1836,13.4216,1.4398,0.3479,0.0483,0.029,0,10.5904,0.4445,58.2
1.66,africa,nigeria,87.70842622,2.3,2820,36.47721332,20.3,52.224,5.0182,35.9147,7.1082,7.8,13.4,5.135,29.8152,0.456,0.0089,0.5991,3.0135,0.0179,0,0,low_gni,low_fatality_rate,43.98916681,2.736719707,7.1082,0.5755,0.5957,0.3433,2.4838,0.0101,0.4645,0.0909,4.3922,0.4241,0.4746,1.2621,0.0404,0.2322,30.1494,0.5452,68.5
382.9771469,europe,north macedonia,41.39453471,10.3,5140,2151.202943,0.35,42.896,19.642,25.8345,1.9013,23.9,3.2,19.7066,28.3594,0.2603,0.0558,9.0796,1.159,0.9049,0,0.0248,mid_gni,high_fatality_rate,16.95308963,12.32281894,1.9013,0.7305,0.2371,0.4112,6.5409,0.0435,4.8476,0.15,2.0174,0.1355,0.4886,0.0774,1.7078,1.1708,21.6642,0.745,99.4
25.1158553,europe,norway,52.21039452,6,93820,2897.720925,0,19.527,27.2211,19.7763,1.9601,25,2.5,27.1465,24.2648,0.3223,0.3132,9.7681,1.1075,1.0894,0,0.1135,high_gni,low_fatality_rate,17.96854595,16.33291863,1.9601,1.0645,1.5545,0.4055,10.6992,0.3244,7.4043,0.0541,1.7032,0.0912,0.0473,0.0473,1.6796,0.8888,15.4642,0.1656,100
91.65933459,asia,oman,30.04213842,14.8,16920,502.4884846,3,22.359,23.6146,20.6848,3.7744,22.9,6.8,17.9462,33.1968,0.0294,0.0294,8.6221,0.2819,0.3759,0,0.0059,high_gni,high_fatality_rate,20.52080139,2.581047584,3.7744,1.4422,0.929,0.7926,9.0171,0.0325,9.6407,0.2144,1.1174,0.1689,0.7276,0.039,1.0979,0.6107,17.4495,0.5782,93.4
15.31455302,asia,pakistan,65.29531816,8.1,1440,76.62336102,6.95,61.242,24.8245,20.2986,4.2124,7.8,20.3,18.2424,29.8239,0,0.0604,14.6868,2.3547,0.3019,0.0226,0.1132,low_gni,low_fatality_rate,35.00983783,4.492380924,4.2124,0.6203,0.0818,0.1227,3.4967,0.0068,11.5125,0.1431,1.0906,0.2726,0.2249,0.0341,0.0204,0.1909,18.8603,0.075,91.4
189.048955,north america,panama,53.36680557,9.8,12050,133.7098825,2.1,33.408,25.9557,19.0896,3.8355,22.5,10,22.6761,28.7676,0.4278,0.1006,7.3725,1.3776,0.3208,0.0126,0.0315,mid_gni,high_fatality_rate,27.16456345,7.632278913,3.8355,0.8991,0.8614,0.5722,9.1046,0.132,5.7281,0.1823,1.4273,0.1509,0.0377,0.0566,1.0375,0.4339,16.2412,0.1258,94.7
250.3945175,south america,paraguay,56.62760289,9.7,4220,84.46706877,0,40.334,19.8084,23.6351,4.9807,19,10.7,20.8068,24.0008,0.4165,0.1458,4.665,1.201,2.5824,0,0.0069,low_gni,high_fatality_rate,30.13382942,6.020463847,4.9807,1.5622,0.1742,0.3974,10.2335,0.0272,3.7069,0.2558,2.0576,0.2123,0.0218,0.5552,0.5334,0.0163,21.2672,0.1198,98
645.9895202,south america,peru,53.18806328,6.9,6200,170.818618,3.15,21.391,18.0402,24.8442,5.5879,19.1,9.7,13.6331,29.9025,0.2423,0.0064,3.4173,1.7469,0.5802,0,0.0128,mid_gni,high_fatality_rate,27.89561799,6.825144287,5.5879,2.1206,1.9497,1.6382,6.8241,0.0302,5.608,0.4322,2.5628,0.603,0.0704,0.6834,0.4523,0.2312,19.6482,0.4523,86.7
51.14628544,asia,philippines,57.55023434,6.9,3540,100.6380095,5.35,55.627,29.7607,16.8974,3.4748,6,13.3,17.3336,35.1719,0.1914,0.3191,1.6273,0.694,0.4068,0.0319,0,low_gni,low_fatality_rate,31.94853554,4.579645191,3.4748,1.0544,1.6045,0.7243,18.887,0.0275,0.5684,0.2751,2.2371,0.055,0.0642,0.22,0.3576,0.7701,11.9281,0.3576,91.8
255.4086641,europe,poland,43.84267732,6.2,13370,5551.126131,0,39.461,32.746,15.6589,1.6183,25.6,2.5,30.0667,23.3585,0.7325,0.5045,6.8785,0.2619,0.3056,0,0.0631,high_gni,high_fatality_rate,14.9462804,15.53332383,1.6183,0.7141,0.4851,0.2057,13.3072,0,5.86,0.0078,0.4967,0.031,0.0427,0.1087,0.0737,0.4385,13.9747,0.2639,98.3
183.164023,europe,portugal,53.47967567,9.9,20530,2072.971815,0,36.532,26.4556,20.5746,2.1808,23.2,2.5,28.0436,25.6517,0.2926,0.3581,7.8606,0.1528,0.6201,0.0044,0.0393,high_gni,high_fatality_rate,14.05332063,20.7914682,2.1808,0.7993,1.0267,0.2825,10.3459,0.0138,4.5442,0.1378,0.4203,0.0689,0.0413,0.0586,1.354,0.7648,18.0803,0.2825,100
296.2426766,europe,romania,48.88613107,8.4,9500,598.6857246,6.109423019,45.436,27.4359,18.3883,2.5519,24.5,2.5,23.0562,26.7167,0.5856,0.0656,10.9445,0.253,0.417,0.0141,0.0187,mid_gni,high_fatality_rate,15.52058179,17.31399673,2.5519,1.5914,0.1994,0.293,7.9894,0.0366,10.6349,0.1221,0.5495,0.0407,0.4965,0.1099,0.8506,0.6797,16.512,0.4477,100
210.0469787,asia,russian federation,43.0978772,9.2,11400,602.0611078,1,25.992,27.936,20.4903,1.6511,25.7,2.5,26.4803,25.0372,0.3436,0.0834,8.1632,0.3682,0.3534,0.0049,0.0245,mid_gni,high_fatality_rate,16.75191851,13.3658427,1.6511,1.9603,0.9415,0.2138,10.8433,0.0091,6.8453,0.1455,0.7823,0.0546,0.0273,0.141,0.4184,0.1274,18.3753,0.2638,96.9
11.6282415,africa,rwanda,78.06861621,4.1,700,44.31971242,1.2,71.189,11.0727,20.0727,4.8545,4.8,36.8,5.5768,20.727,0.5486,0.0084,1.6796,2.0594,0.0506,0,0,low_gni,low_fatality_rate,41.05201648,2.789856315,4.8545,0.1636,0.6364,9.6727,5.2182,0.0182,3.7818,0.2364,3.6545,2.6909,0.0545,2.1636,0.0545,0.0182,15.5091,0.2545,76.1
159.4603214,north america,saint lucia,47.32504061,10.9,7390,294.4477928,4.55,81.496,33.3454,14.3469,1.6712,19.8,11.22675159,33.5715,22.0489,0.3355,0.0578,4.795,0.856,0.2082,0,0.0463,mid_gni,high_fatality_rate,23.12553041,8.997345932,1.6712,0.5249,1.5867,0.3741,22.8778,0.1629,4.3137,0.2353,2.4012,0.181,0.4163,0.0965,0.9894,0.5551,9.6531,0.1508,96.3
73.99828251,north america,saint vincent and the grenadines,46.75944547,11.9,6670,295.4234039,6.109423019,49.45,24.4653,17.4852,4.3274,23.8,5.7,25.6587,25.777,0.1677,0.028,4.8362,0.5591,0.3522,0,0.028,mid_gni,high_fatality_rate,24.52906031,7.332224882,4.3274,0.7589,0.715,0.7526,17.529,0.2258,4.2521,0.1254,0.6773,0.2759,1.2919,0.1756,1.7184,0.4516,15.3904,0.2509,95.1
0,oceania,samoa,73.98679981,7.9,3930,153.7998441,0.05,80.902,21.6806,27.2021,1.5771,45.5,2.7,26.1345,19.0252,0.1866,0.1341,2.793,3.5918,0.5248,0.0058,0.0058,low_gni,low_fatality_rate,37.29066181,5.23371354,1.5771,0.2227,1.8968,0.6287,13.2418,0.0683,1.4693,0.0683,16.8666,0,0.115,0.3341,0.291,0.0611,8.3345,0.0431,99
29.94578237,africa,sao tome and principe,84.20624782,2.3,13410.2027,68.83448541,50.8,34.908,7.3284,39.4737,2.9864,10.6,7,9.2471,33.554,0.0672,0.0576,1.5178,3.1412,0.0288,0,0.0192,high_gni,low_fatality_rate,42.62755853,3.085466314,2.9864,0.1074,1.4361,1.2013,4.1809,0.0537,0.9731,0.0134,20.7704,0.1342,0.0336,0.1544,0.0738,0.0268,17.1666,0.0738,97.1
28.14488047,asia,saudi arabia,45.8668307,20,23550,803.1331422,0,16.87,15.3954,27.353,5.2126,35,7.1,15.5869,35.0703,0,0.1371,6.3967,0.2741,0.4512,0,0.0057,high_gni,low_fatality_rate,28.58201229,2.862306126,5.2126,0.9019,0.4122,0.4219,6.9243,0.0873,4.4125,0.097,0.6207,0.1794,0.48,0.0291,1.251,0.7128,25.4182,0.1891,97
12.49233853,africa,senegal,87.60184833,2.2,1000,51.08330007,7.1,56.279,6.104,38.2332,5.7374,7.4,11.3,7.3316,41.0221,0.0247,0.0165,1.0805,2.3095,0.2062,0,0.0165,low_gni,low_fatality_rate,43.76209617,2.933524962,5.7374,0.258,0.7129,0.0815,3.2319,0.0068,0.9845,0.1222,3.9041,0.1222,0.1697,0.0543,0.2037,0.387,33.0391,0.1901,78.5
179.1146462,europe,serbia,50.1111308,10.3,5500,1001.481491,0.05,44.447,33.0354,12.8709,2.1213,23.5,5.7,27.229,26.2661,0.4242,0.0545,9.4722,0.5394,0.5697,0.0061,0.0364,mid_gni,high_fatality_rate,16.3003172,17.08236663,2.1213,1.5195,0.3396,0.578,18.1385,0.006,8.7594,0.2145,1.1262,0.0775,0.0834,0.0596,1.5016,0.9355,10.1061,0.3635,99.2
1.91,africa,sierra leone,81.92542257,2.2,630,52.50945595,16,60.058,5.9931,40.4418,3.2063,7.5,25.6,4.4091,36.5584,0.0359,0,1.9037,2.3527,0.1437,0,0.009,low_gni,low_fatality_rate,42.36293278,2.669488426,3.2063,0.2983,1.2117,0.261,2.0412,0.0373,2.1996,0.0746,4.856,0.466,0.2889,0.4474,0.0746,0.0559,34.0479,0.2703,62.6
270.8153242,europe,slovenia,48.70509704,7.8,22610,1775.528574,0,50.35,26.6163,16.964,3.5771,22.5,2.5,23.9206,26.7523,0.5488,0.6606,9.9853,0.4624,0.8689,0.0051,0.0356,high_gni,high_fatality_rate,14.78443318,17.96838347,3.5771,1.1287,0.3693,0.4606,8.5899,0.0622,6.4155,0.112,0.8714,0.0415,0.1784,0.0539,2.411,1.5852,13.8684,0.2697,99.5
0,oceania,solomon islands,75.08272756,16.4,1940,67.26463017,31.6,77.671,13.6649,31.2635,3.0802,20.5,8.9,7.7993,21.6138,0.1398,0.0839,1.0622,1.9847,0.1677,0,0,low_gni,low_fatality_rate,39.48912852,3.395014659,3.0802,0.2943,2.5505,0.569,6.5431,0.0981,0.7553,0.049,16.5686,0.5199,0.1962,2.1778,0.981,0.3139,11.752,0.0785,80.8
165.8480861,africa,south africa,52.14352789,7.6,6050,92.98340755,2.6,35.199,19.7743,23.4654,6.4308,27,6.2,20.7381,32.5764,0.4676,0.006,2.9615,1.157,0.1679,0,0,mid_gni,high_fatality_rate,29.23922975,5.033361286,6.4308,1.0982,0.2379,0.0854,14.1489,0,3.1056,0.3295,1.1836,0.0427,0.1037,0.0549,0.2807,0.0915,21.7877,0.1647,93.2
192.6073547,europe,spain,50.76394896,7.7,28520,3700.876703,0,20.421,19.5253,29.4486,1.078,27.1,2.5,26.3802,26.9919,0.4855,0.0607,7.2732,0.6022,0.6396,0.0047,0.014,high_gni,high_fatality_rate,14.88167858,18.7894661,1.078,1.2521,1.0814,0.375,9.2772,0,5.3601,0.0937,1.0513,0.0971,0.0134,0.0469,0.4955,1.3626,25.6922,0.2611,100
71.44424306,asia,sri lanka,51.23349504,8,3800,427.1158745,0.6,81.644,10.1348,36.8248,2.7159,5.4,9,9.9694,31.8217,0.0699,0,3.2083,2.4703,0.6448,0,0,low_gni,high_fatality_rate,24.57383318,9.30324919,2.7159,1.1682,2.2766,0.5791,2.027,0.01,4.2336,0.0999,27.1892,0.3794,1.4279,0.0899,0.1198,0.4194,6.7,0.2396,95.6
8.28,africa,sudan,78.03512278,8.9,1840,55.24721997,6.109423019,66.194,20.1511,23.1587,5.6998,7.4,20.1,16.7899,31.2782,0,0.0147,8.2192,1.7823,0.2504,0,0,low_gni,low_fatality_rate,40.50326282,3.328045053,5.6998,0.2347,0.0587,0.3961,7.0789,0.0073,10.8055,0.2641,3.7265,0.4108,0.1174,0.0587,0.0587,0,19.0214,0.3521,89.77070064
218.9787743,south america,suriname,50.75603607,12.5,9300,94.56165919,3.3,33.957,14.8751,31.2294,3.1593,26.5,8.5,19.083,31.8916,0.2987,0.0166,3.559,1.7007,0.3484,0,0.0249,mid_gni,high_fatality_rate,26.78189604,6.885768221,3.1593,0.9601,0.772,0.2335,10.639,0.1557,1.6867,0.0324,3.1139,0.0649,0.0584,0.1103,0.8823,0.1557,26.9089,0.2789,94.8
156.2424896,europe,sweden,59.30390803,4.7,57810,3247.820692,0,14.185,28.4111,19.6927,1.9481,22.1,2.5,29.3012,23.5248,0.3591,0.527,11.7101,0.5363,1.0679,0.0047,0.0933,high_gni,high_fatality_rate,17.2848795,19.94201909,1.9481,1.3741,0.8778,0.3556,8.8481,0.0481,7.5926,0.0074,0.9519,0.0296,0.1111,0.0481,0.2333,0.9704,16.663,0.2296,100
147.4241026,europe,switzerland,48.84761744,6.1,84180,3115.602012,0,26.088,28.1054,20.5145,1.1241,21.2,2.5,31.9513,21.8137,0.408,0.0732,14.1191,0.4447,0.2459,0.0105,0.0209,high_gni,high_fatality_rate,14.77535598,18.04184602,1.1241,0.93,0.4048,0.3379,12.0906,0,8.3804,0.0703,0.5286,0.0268,0.0836,0.0368,0.174,1.9772,17.3898,0.2141,100
1.47,asia,tajikistan,60.88508034,6.4,1240,232.1567844,0.05,73.218,12.6827,25.4001,10.2035,12.6,11.22675159,11.6026,37.8032,0.009,0,4.8921,0.6679,0.2437,0,0.009,low_gni,low_fatality_rate,34.83754438,3.006288129,10.2035,0.5741,0.0174,0.3566,7.159,0.0348,4.6799,0.2175,1.27,0.1131,0.0174,0.0783,1.1308,0.4175,22.7557,0.9395,73.8
31.92790562,asia,thailand,39.24210398,7.1,5620,927.6320296,0,49.626,19.5718,27.1235,2.538,10.8,7.8,19.3491,30.8277,0.336,0.0246,2.0406,1.9423,0.3524,0,0.0164,mid_gni,low_fatality_rate,17.71077182,10.4718704,2.538,2.8961,1.7984,0.506,11.6621,0.0078,1.4636,0.0934,4.6166,0.1012,1.7594,0.0701,0.1246,0.2647,20.2336,0.2102,97.8
9.8,asia,timor-leste,92.27496378,7.2,1920,56.98057049,16.3,67.23,17.8988,20.4669,10.2168,2.9,24.9,11.6877,37.1202,0.0433,0.104,0.2772,2.157,1.2474,0,0.0087,low_gni,low_fatality_rate,42.41102666,5.580093943,10.2168,0.2446,0.7893,1.3007,14.5525,0.1112,0.1779,0.0889,3.5353,0.2779,0.1445,0.1779,0.2001,0.0111,15.9644,0.1668,71.9
3.4,africa,togo,81.83107627,4.8,540,53.00442471,34.85,60.036,5.3063,34.3262,8.9093,7.1,16.1,6.2578,30.5269,0.096,0.0174,0.82,1.4567,0.1396,0,0,low_gni,low_fatality_rate,42.2391273,2.764772996,8.9093,0.1962,0.5708,0.0624,3.3889,0.0803,0.544,0.0713,2.9608,0.8918,0.223,0.6064,0.1694,0,30.643,0.1516,63.1
210.9422331,north america,trinidad and tobago,43.24948865,13.6,18600,234.8289599,0.2,91.555,23.3455,23.1937,2.5134,19.7,5.5,24.6672,25.8177,0.0945,0.0532,5.9657,1.0514,0.2008,0,0.0413,high_gni,high_fatality_rate,20.77990542,9.411817471,2.5134,0.6185,0.7816,0.3205,11.386,0.1012,5.1279,0.0843,3.1993,0.343,0.4386,0.0843,0.4386,0.596,18.4369,0.1799,95.1
230.1895965,africa,tunisia,44.82013584,9.6,3970,197.3102281,0.35,33.158,12.7886,33.1638,3.2543,27.3,4.3,12.7795,35.6844,0.0657,0.0909,5.4865,1.1013,0.4193,0,0.0657,low_gni,high_fatality_rate,23.3567369,7.592090463,3.2543,0.9255,0.5085,0.4068,4.0323,0.0102,4.5764,0.0915,1.4085,0.2034,0.3407,0.0407,0.3,2.3289,28.1552,0.7627,97.7
104.6973,asia,turkey,49.72123101,12.8,9950,769.6584345,0.05,26.603,13.6766,33.1918,2.0428,32.2,2.5,14.4068,32.6412,0.0692,0.0395,8.1403,0.652,0.5335,0.0049,0.0692,mid_gni,high_fatality_rate,25.67050777,7.538697551,2.0428,0.825,0.1428,0.3292,3.8475,0.0079,5.8586,0.0674,1.7453,0.3808,0.3729,0.0516,0.0912,2.8162,27.8172,0.6703,100
8.44,africa,uganda,102.3453678,3.1,670,46.70707587,4.7,83.899,12.3139,32.6318,3.4479,4.1,41,9.7902,26.1073,0.7449,0.0382,3.0465,2.6454,0.0382,0,0,low_gni,low_fatality_rate,48.0906559,2.488889802,3.4479,0.2239,0.862,0.7164,6.101,0.0112,4.0188,0.1343,6.5599,1.0411,0.0336,0.5709,0.1008,0,25.0532,0.1567,79
225.8674018,europe,ukraine,43.33590111,6.5,2620,676.9344655,4.720860927,30.305,26.91,19.3895,3.0837,26.1,3.5,21.5616,27.442,0.3075,0.0696,7.6004,0.0174,0.2031,0,0.0464,low_gni,high_fatality_rate,14.92761708,15.30619081,3.0837,2.4481,0.516,0.3084,9.635,0.0063,8.691,0.1196,0.1007,0.0629,0.0378,0.2266,0.4972,0.7867,17.4638,0.5223,96.2
23.63228944,asia,united arab emirates,17.75143866,19.3,43170,2001.478164,0,14.459,21.4437,23.194,3.0418,29.9,2.6,18.0306,29.0658,0,0.0606,5.4823,0.8803,0.2282,0,0.0047,high_gni,low_fatality_rate,13.93747032,1.137877263,3.0418,1.1407,0.8108,0.6766,9.461,0.1006,5.86,0.1677,3.204,1.0624,1.1295,0.0168,0.1454,3.8246,14.924,0.4306,99.6
228.8916899,europe,united kingdom,55.12194955,4.7,43340,1473.379336,0,17.408,25.8633,20.9494,1.4678,29.5,2.5,28.3109,23.5998,0.4758,0.0673,8.8375,0.7353,0.7785,0.0048,0,high_gni,high_fatality_rate,17.77422086,17.76036953,1.4678,1.0778,0.5176,0.4219,12.5789,0.078,7.353,0.0745,1.1664,0.0638,0.1276,0.0851,1.4642,0.702,18.3507,0.2127,100
179.8018682,south america,uruguay,55.88340844,6.1,15720,852.1825602,0.1,4.689,25.5069,21.069,2.5698,28.9,2.5,26.1221,26.0905,0.1599,0.0178,10.9203,0.6455,1.6878,0.0059,0.0296,high_gni,high_fatality_rate,21.41498533,14.43450564,2.5698,1.2804,0.3281,0.1777,12.2841,0.0456,8.0603,0.0729,1.5127,0.0729,0.0319,0.1002,0.7564,0.1367,18.8819,0.2096,99.7
256.9625512,north america,united states of america,50.91244992,10.8,54960,973.6252789,0,18.383,21.2045,26.8832,1.2829,37.3,2.5,29.8687,23.2443,0.2946,0.0264,9.8791,1.2706,0.6331,0.0747,0.0835,high_gni,high_fatality_rate,18.95034556,14.78606928,1.2829,1.25,0.3887,0.4426,9.4166,0,6.8359,0.009,1.7464,0.0449,0.0867,0.0478,0.3977,0.942,23.6117,0.1944,99.2
4.74,asia,uzbekistan,49.65053411,6.6,2150,283.4998692,0,63.635,25.9903,20.5206,2.7168,15.3,6.3,16.697,34.8337,0.0588,0.0374,10.5736,0.1336,0.1604,0,0.0053,low_gni,low_fatality_rate,28.51991711,4.657736829,2.7168,1.0639,0.0962,0.583,10.3624,0.012,11.805,0.1743,0.3366,0,0.018,0.0902,0.1683,0.7754,18.4589,0.8535,89.77070064
0.378,oceania,vanuatu,68.71967818,16.6,13410.2027,112.3453617,1.6,73.872,14.9179,31.2751,4.1249,23.5,7.2,14.5226,22.3746,0.0078,0.0863,1.6082,6.6761,0.0863,0,0.0078,high_gni,low_fatality_rate,36.53099164,4.199099194,4.1249,0.3509,1.4343,0.3052,9.9334,0.0254,1.1495,0.0966,23.1779,0,0.1068,0.4578,0.2187,0.0356,6.4849,0.1424,94.5
17.12738133,south america,venezuela,52.37493244,12,13410.2027,133.2849824,3.95,11.01,16.3261,30.3926,2.5449,25.2,21.2,18.9989,32.347,0.1955,0.1244,6.3083,0.0444,0.3287,0.0178,0.0533,high_gni,low_fatality_rate,28.10541235,6.26699498,2.5449,0.6555,0.5707,0.964,7.0949,0.0077,5.5217,0.2082,0.1003,0.1157,0,0.1311,0.0848,0.0154,29.5211,0.1851,93.1
35.32459942,asia,vietnam,42.51143984,6,1980,246.8536185,0.35,66.407,33.2484,12.8418,3.7155,2.1,9.3,21.6207,33.1121,0.1555,0.1555,1.0887,3.7994,0.5444,0.0056,0,low_gni,low_fatality_rate,23.08968745,6.740506907,3.7155,0.7839,1.1217,0.4079,26.4292,0.0064,0.752,0.3378,4.2891,0.0765,0.6309,0.0701,0.0829,1.1726,5.6211,0.6373,97.6
7.39,asia,yemen,75.59514675,5.1,13410.2027,48.86468222,6.109423019,65.394,12.5401,25.016,11.5271,14.1,38.9,12.5091,37.7454,0,0.0188,1.963,0.2254,0.3193,0,0,high_gni,low_fatality_rate,40.2638023,2.787015533,11.5271,0.5514,0.3847,0.2564,8.001,0.0256,1.3463,0.2436,0.7565,0.5001,0.1026,0.0513,0.3718,0.0769,23.6312,0.1667,89.77070064
23.03265276,africa,zambia,95.40232642,4.1,1500,55.88956232,7.5,59.078,9.6005,26.3512,14.3225,6.5,46.7,8.5713,35.8012,0.4824,0.0338,1.0324,8.0562,0.0762,0,0,low_gni,low_fatality_rate,45.91490243,2.908634204,14.3225,0.6266,1.007,0.1343,4.901,0.0224,1.2756,0.179,9.8915,0.0783,0.1567,0.2014,0.0671,0.0112,15.2848,0.1567,65.4
32.07126743,africa,zimbabwe,80.39103268,3.9,850,50.13474107,14.55,67.624,10.3796,29.6398,9.7922,12.3,51.3,12.1519,36.9161,0.2929,0.0391,2.4114,1.523,0.2636,0,0.0293,low_gni,low_fatality_rate,41.60034343,2.964528499,9.7922,0.3682,0.2455,0.0614,4.5674,0.0175,2.104,0.1315,1.9462,0.114,0.0526,0.0877,0.1052,0.4296,26.9396,0.0789,76.9
114.6520147,oceania,new caledonia,47.92017729,19.6,13410.2027,818.6521578,0,29.79,22.2697,21.4397,5.0979,18.72173913,7.1,26.0498,25.9771,0.3262,0.1873,7.2857,1.2143,0.4591,0,0.0362,high_gni,high_fatality_rate,22.2269096,10.16920165,5.0979,1.0439,0.8385,0.2222,11.6086,0.2851,5.0476,0.0755,3.3036,0.0293,0.0629,0.0335,1.3961,0.2557,16.8532,0.1887,98.5
229.5200238,oceania,french polynesia,42.22968895,19.4,13410.2027,818.6521578,1.4,44.12,25.1596,20.8021,3.7271,18.72173913,4.2,28.2538,24.7307,0.3778,0.2042,4.768,1.0618,0.3471,0,0.0153,high_gni,high_fatality_rate,22.14107878,7.550112461,3.7271,0.822,1.5842,0.1995,14.0782,0.2913,3.8827,0.1277,4.7566,0.0399,0.02,0.0758,1.269,0.3192,14.0024,0.1397,100
