covid_fatality_rate,continent,country,age dependency ratio (% of working-age population),"age dependency ratio, old","age population, age 0, female, interpolated",diabetes prevalence (% of population ages 20 to 79),female population 45-49,female population 80+,"gni per capita, atlas method (current us$)","immunization, dpt (% of children ages 12-23 months)","immunization, hib3 (% of children ages 12-23 months)","immunization, measles (% of children ages 12-23 months)",improved sanitation facilities (% of population with access),improved water source (% of population with access),"improved water source, urban (% of urban population with access)",lifetime risk of maternal death (%),lifetime risk of maternal death (1 in: rate varies by country),maternal leave benefits (% of wages paid in covered period),"mortality rate, infant (per 1,000 live births)",number of infant deaths,number of maternal deaths,number of weeks of maternity leave,people practicing open defecation (% of population),"people practicing open defecation, urban (% of urban population)","population ages 00-04, female (% of female population)","population ages 15-19, female (% of female population)","population ages 20-24, female (% of female population)","population ages 25-29, female (% of female population)","population ages 30-34, female (% of female population)","population ages 30-34, male (% of male population)","population ages 35-39, female (% of female population)","population ages 40-44, female (% of female population)","population ages 60-64, female (% of female population)",population growth (annual %),"population, female (% of total)",rural population (% of total population),rural population growth (annual %),urban population growth (annual %),fat_animal products,fat_animal fats,fat_cereals - excluding beer,fat_eggs,"fat_fish, seafood",fat_fruits - excluding wine,fat_meat,fat_miscellaneous,fat_milk - excluding butter,fat_offals,fat_oilcrops,fat_pulses,fat_spices,fat_starchy roots,fat_stimulants,fat_treenuts,fat_vegetable oils,fat_vegetables,obesity,undernourished,kcal_alcoholic beverages,kcal_animal products,kcal_cereals - excluding beer,"kcal_fish, seafood",kcal_fruits - excluding wine,kcal_meat,kcal_offals,kcal_spices,kcal_sugar & sweeteners,kcal_vegetable oils,kcal_vegetables,protein_alcoholic beverages,protein_animal fats,protein_milk - excluding butter,protein_oilcrops,protein_stimulants,protein_sugar & sweeteners,protein_vegetable oils,gni_category
0.000226154,asia,afghanistan,86.95446405,4.616073461,470554,8.8,496113,43481,630,78,78,68,31.9,55.3,78.2,1.92613064,52,100,66.3,67399,4300,90,12.7,0,15.30994566,11.814034,9.304165631,7.414546618,6.247964655,6.425199825,5.005364741,3.933108519,1.577180471,2.802986283,48.43075023,73.297,2.230252873,4.392151969,21.6397,6.2224,8.0353,0.6859,0.0327,0.4246,6.1244,0.0163,8.2803,0.3103,1.0452,0.196,0.2776,0.049,0.098,0.7513,17.0831,0.3593,4.5,29.8,0,4.7774,37.1186,0,1.4757,1.2006,0.1251,0.1001,2.2261,2.3012,0.7504,0,0.0277,5.5278,0.2034,0.5546,0,0,low_gni
0.00111347,europe,albania,44.80697279,17.95076647,21438,10.3,97198,41381,4290,98,98,98,93.2,95.1,94.9,0.053360538,1900,65,12.5,564,11,365,0,0,6.117577108,8.611653591,9.008335737,7.562168675,6.173815416,5.868097604,5.794669211,6.302937475,5.380862124,-0.155183807,50.39767955,42.593,-2.47127694,1.598580321,32.0002,3.4172,2.6734,1.6448,0.1445,0.6418,8.7428,0.017,17.7576,0.2933,3.1622,0.1148,0,0.051,0.527,0.9181,9.2443,0.6503,22.3,6.2,0.912,16.093,16.2107,0.1471,3.8982,3.8688,0.2648,0,3.4422,2.8244,2.7508,0.184,0.0711,16.475,0.3722,0.2635,0.0042,0.0084,mid_gni
0.000158219,africa,algeria,52.61757885,9.062489936,459353,7.5,1053861,253907,4870,95,95,95,87.6,83.6,84.3,0.41934133,240,100,21.9,20899,1300,98,0.8,0.2,11.44753022,7.48882422,8.9738324,9.474387606,9.058215533,9.005194211,7.722490051,6.280497937,3.019313849,1.86309983,49.6865253,29.273,-0.159153932,2.712199755,14.4175,0.8972,4.2035,1.2171,0.2008,0.5772,3.8961,0.0439,8.0934,0.1067,1.1983,0.2698,0.1568,0.1129,0.2886,0.8595,27.3606,0.5145,26.6,3.9,0.0896,6.0326,25.0112,0.1195,3.1805,1.2543,0.0597,0.1195,3.9869,5.7638,2.0457,0.0323,0.0054,8.0616,0.183,0.4628,0,0.0269,mid_gni
7.07E-05,africa,angola,99.85575099,4.623603946,502641,4.1,383280,38663,4180,64,64,55,51.6,49,75.4,3.084885865,32,100,96,104291,5400,90,30.3,0.5,18.59900481,10.65544367,8.760813094,7.23648878,5.911485698,5.878364317,4.792800637,3.787285866,1.616964342,3.226505657,50.37884701,55.95,1.849081878,5.003843209,15.3041,1.313,6.5545,0.1539,1.4155,0.3488,11.0268,0.0308,1.2309,0.1539,3.9902,0.3282,0.0103,0.7078,0.1128,0.0308,22.4638,0.1231,6.8,25,1.9388,4.6927,18.3521,0.8372,2.3133,2.9302,0.1102,0,2.7539,4.2741,0.3525,0.6285,0.0277,1.146,2.1534,0.1017,0.0092,0.0092,mid_gni
0.001296042,north america,antigua and barbuda,45.65038071,10.43464467,734,13.6,4400,947,13390,99,99,98,73.56153846,97.9,97.9,0.709157384,3161.220126,78,5.8,9,1767.037736,91,9.441721854,2.777124183,7.554924993,8.195455778,8.420789084,7.509023764,6.926912725,6.880995238,5.823196812,7.872060757,3.501011913,1.004835565,52.20000436,76.227,1.553655776,-0.734877899,27.7033,4.6686,3.2153,0.3872,1.5263,1.2177,14.3202,0.0898,6.6607,0.1347,1.3579,0.0673,0.3591,0.0449,1.0549,0.202,14.4436,0.2469,19.1,11.22675159,2.3041,15.3672,13.7215,1.728,3.6824,7.0356,0.1646,0.3497,5.8218,4.6904,1.296,0.1535,0.1289,7.4349,0.7674,0.4113,0,0.043,mid_gni
0.002698705,south america,argentina,56.5453597,17.10501261,370735,6,1198194,817632,12460,94,94,89,96.4,99.1,99,0.126378674,790,100,11.1,8464,390,90,1.3,1.4,8.237491585,7.626231094,7.682234027,7.448561484,7.144503037,7.55485297,7.284260055,6.139309698,4.366690807,1.010993037,51.06796443,8.249,-0.755352893,1.171338102,30.3572,3.3076,1.3316,1.5706,0.1664,0.2091,19.2693,0,5.8512,0.1878,0.064,0.0213,0.0213,0.111,0.2475,0.1366,17.3147,0.1878,28.5,4.6,1.4354,14.9869,16.7927,0.2006,1.4663,9.4459,0.2624,0.0309,7.0536,5.541,0.8643,0.1704,0.0097,5.8322,0.0097,0.9688,0.0049,0,mid_gni
0.002641737,europe,armenia,41.26264721,15.29307073,19302,6.4,93998,57746,3880,94,94,97,89.5,100,100,0.042664932,2300,100,12.6,513,10,140,0,0,6.221724001,5.489985484,8.449012206,9.343215089,8.205840931,8.596216821,6.706707016,5.71715133,5.877391004,0.383740747,53.62344054,37.327,0.756748326,0.162243032,29.6642,6.2619,2.5068,1.6196,0.2218,0.5468,10.8165,0.0361,10.4709,0.2734,0.6602,0.0774,0.0103,0.0567,1.8002,0.9542,12.8127,0.8717,20.9,4.3,0.2274,12.833,19.2658,0.1787,2.5341,4.2235,0.2924,0.0162,5.2956,3.5737,3.2164,0.0411,0.1438,10.038,0.2619,0.5545,0.0051,0.0205,mid_gni
9.47E-05,oceania,australia,50.92736435,22.70683236,145301,5.1,768688,549736,60070,93,93,91,100,100,100,0.011521205,8700,88.875,3,896,19,105.4117647,0,0,6.26920385,5.981762086,6.775147381,7.377088274,7.358394095,7.473195204,6.451768101,7.173428451,5.418643716,1.342305215,50.03567737,10.577,0.083363632,1.492267146,24.1099,4.603,0.9908,0.7017,0.4515,0.4028,11.6002,0.052,6.5196,0.2339,1.2929,0.026,0.1007,0.0422,0.7926,1.6145,20.3612,0.2144,30.4,2.5,1.9783,15.6146,11.643,0.604,1.6611,7.4902,0.3473,0.1057,5.7989,8.3812,1.1326,0.2914,0.074,8.432,0.6984,0.7031,0,0.0463,high_gni
0.001952715,europe,austria,49.17973629,27.98482058,40166,6.9,356639,283591,47120,98,98,96,100,100,100,0.005491818,18200,100,2.9,239,3,112,0,0,4.52095261,5.1946466,6.04091517,6.206682435,6.509630853,6.981758545,6.268914153,7.141860029,5.481174675,0.810525812,50.88912441,34.032,0.666637295,0.88483697,27.8268,12.8517,1.2297,1.2147,0.4259,0.2249,8.1099,0,5.1497,0.075,1.1367,0.012,0.102,0.045,0.4439,0.8398,17.9323,0.2039,21.9,2.5,2.8161,15.6106,12.3748,0.4062,1.5976,5.0095,0.1083,0.1083,6.2551,7.1622,1.029,0.615,0.3376,11.4954,1.5028,0.726,0.0139,0.0647,high_gni
0.000865993,europe,azerbaijan,38.01600762,7.764910795,103561,6.5,325232,72092,6560,96,96,98,89.3,87,94.7,0.062498517,1600,100,27.9,6519,48,126,0.2,0,8.678713267,6.74754033,9.075208302,10.05278843,8.938674536,8.962720155,6.613946287,6.689562475,4.677138883,1.212017404,50.21978748,45.38,0.629749739,1.69837546,32.1198,7.7987,5.4481,2.0197,0.2122,0.594,11.9993,0.017,9.9202,0.1612,0.1867,0.0255,0.017,0.1697,1.3663,2.2573,7.1538,0.6534,19.9,2.5,2.2555,8.1682,28.7417,0.0967,1.6111,2.9322,0.1128,0.0161,3.4155,1.2083,1.4661,0.3465,0.0596,6.8497,0.0541,0.2328,0,0.0217,mid_gni
0.001847848,north america,bahamas,41.24625516,11.69592772,2763,13.2,13413,3949,21310,95,95,94,92,98.4,98.4,0.151994427,660,100,9.9,57,5,91,0,0,7.154830306,7.625894922,8.620028072,8.271652311,8.019711,8.296614497,6.810998576,7.323969262,4.518787046,1.287833609,51.04440762,17.126,0.862979822,1.375855376,30.2259,4.56,3.6327,1.2829,1.4991,0.8995,17.4941,0.3556,5.1318,0.258,2.6077,0.0209,0.2719,0.0349,0.9343,0.4532,10.1659,0.3974,32.1,11.22675159,2.9145,14.793,10.7274,1.2491,4.4575,8.1803,0.2694,0.2204,8.6701,3.1594,1.5185,0.0325,0.0895,4.8312,0.8052,0.4311,0,0.0325,high_gni
0.000174365,asia,bangladesh,52.48674876,7.584014398,1519710,8.3,4453733,762973,1190,94,94,88,60.6,86.9,86.5,0.421170638,240,100,30.7,97478,5500,112,1.2,0,9.411303953,9.88315072,9.428808007,9.155431669,8.604984752,8.141716414,7.571985922,6.220170964,1.947526048,1.198570972,49.51604653,65.723,0.047333238,3.443734933,9.8365,1.2369,6.9946,1.2664,2.1646,0.427,1.8407,0.0147,3.2249,0.1178,0.6332,0.5448,1.0602,0.2209,0.0295,0.2651,29.6422,0.3092,3.4,14.7,0,2.3695,37.5265,0.8284,0.655,0.3468,0.0385,0.5009,1.4255,3.429,0.6165,0,0.0083,1.8578,0.5972,0.1161,0.0332,0,low_gni
0.0009148,north america,barbados,50.4435787,21.30871595,1670,13.6,10292,6163,14800,97,97,96,96.2,99.7,99.7,0.047252921,2100,100,12,41,1,84,0.8,0.8,5.790366052,6.129465884,6.189585177,6.195664656,6.712420376,6.780196217,6.561784395,7.166354812,5.801849513,0.294224087,52.08697641,68.525,0.409549862,0.043605871,25.8451,3.9733,2.1187,1.213,1.806,0.4636,13.1382,0.3235,5.6176,0.097,3.2616,0.2318,0.3181,0.1078,0.6038,0.7817,15.6882,0.2534,24.8,3.9,1.1224,12.0877,15.3514,1.416,1.934,5.664,0.1036,0.2936,8.0815,4.4552,1.0534,0.1344,0.112,5.3944,1.2324,0.3585,0,0.028,high_gni
0.000586356,europe,belarus,42.95748424,19.98677271,60817,5.3,328759,262898,6460,99,20,99,94.3,99.7,99.9,0.007220806,13800,100,3.4,428,5,126,0,0,5.595894927,4.169374596,6.065957971,7.605458713,7.257879656,8.547128613,6.658347594,6.607484765,6.875001599,0.315856232,53.52137876,23.333,-1.341790244,0.825850654,23.8181,7.8662,4.8075,1.5772,0.5151,0.2316,11.5636,0.0519,2.0644,0.2316,0.4392,0,0.016,0.1957,0.8385,1.0462,18.2119,0.3394,26.6,2.5,3.2979,12.2644,14.2705,0.4863,1.3982,5.7143,0.3495,0.0152,4.6049,6.1246,1.8389,0.3401,0.1328,6.0202,0.5207,0.3029,0,0.0213,mid_gni
0.00251034,europe,belgium,54.24780332,28.11137989,61365,5.1,398682,399187,44360,99,98,96,99.5,100,100,0.012565669,8000,77,3.3,417,9,105,0,0,5.552786532,5.292058959,5.917989802,6.169362123,6.396954334,6.608640498,6.407842663,6.580697066,5.894279376,0.484152118,50.80089798,2.142,-1.366071305,0.525036715,26.7378,12.6234,1.3531,1.1703,0.6188,0.2373,5.6817,0,6.5057,0.1379,0.5226,0.0353,0.0994,0.077,0.0834,1.2056,19.3504,0.2982,24.5,2.5,2.3089,14.1587,13.0441,0.5971,1.38,3.2776,0.1858,0.0929,6.8073,7.0727,1.7383,0.5466,0.4678,11.9121,0.2216,0.4235,0.0049,0.1133,high_gni
0.001675541,north america,belize,56.78092204,5.898806537,4152,16.5,9012,1207,4420,94,94,96,90.5,99.5,98.9,0.079141229,1300,80,14.2,120,2,98,1,0,10.80568089,10.66082816,9.937119484,8.955339849,7.868111864,7.459353225,6.606061615,6.014440874,2.131166647,2.132591267,50.15015851,56.027,2.402727843,1.7894569,23.7877,9.8102,3.051,0.6759,0.4155,0.3039,10.3435,0.1984,2.5053,0.031,1.4511,0.3783,0.0496,0.031,0.8062,0.3845,19.3538,0.2108,22.4,7.5,1.5199,9.1752,18.9064,0.3707,2.5209,3.9481,0.0371,0.0371,7.6367,5.1158,0.7414,0.201,0.0893,4.5999,1.7864,0.2903,0,0.0372,mid_gni
1.48E-05,africa,benin,81.98219189,5.261408648,176842,0.8,203805,18300,860,79,79,75,19.7,77.9,85.2,1.974065932,51,100,64.2,24069,1600,98,53.3,24.9,15.46933559,10.72011119,9.19910229,7.738564105,6.507165541,6.537916224,5.447332908,4.538952085,1.789936706,2.619974108,50.12836139,56.05,1.845096901,3.616977132,6.1742,0.4816,4.6952,0.2064,0.8599,0.1978,3.2849,0.0258,1.2469,0.0946,7.3007,0.6535,2.597,1.0835,0.1118,1.9176,24.8775,0.3612,8.2,10.1,1.7604,2.4864,18.4755,0.5263,0.7623,1.1978,0.0726,1.0163,1.4338,4.6461,0.853,0.7448,0.0078,1.094,3.2508,0.0233,0,0,low_gni
0.001835016,south america,bolivia,63.69471812,10.58357818,117407,7.5,242978,91502,3080,99,99,99,50.3,90,96.7,0.643990641,160,100,30.6,7504,520,90,17.1,4,10.84858209,9.954314446,9.110906072,8.25774796,7.47702181,7.46323348,6.530942344,5.448235802,2.83080469,1.529800311,49.92202583,31.488,0.251782878,2.122698536,30.4177,4.1685,2.7296,1.5174,0.1831,0.5407,21.1476,0.0436,3.2703,0.1395,1.3604,0.2093,0.1483,0.4796,0.7849,0.7413,12.3485,0.1919,18.7,17.1,0.7859,10.0255,21.644,0.1062,2.4214,6.7545,0.085,0.085,5.6924,2.6551,0.6372,0.1826,0.0219,3.2143,0.5114,0.4894,0,0.0146,low_gni
0.003527699,europe,bosnia and herzegovina,40.73018063,21.73430827,15003,9.9,127476,83706,4680,82,78,83,94.8,99.9,99.7,0.014623595,6800,60,5.1,159,4,365,0,0,4.367477984,5.573299407,5.756792836,7.207185084,7.795544851,8.25853133,6.87781647,7.090307294,7.047882276,-0.187153386,50.22981743,60.233,-0.437535478,0.193285281,24.6478,2.4453,3.6588,0.8354,0.3049,0.5976,9.6957,0.0915,11.2629,0.1037,0.9208,0.2012,2.2196,0.1342,2.4819,0.9574,13.2996,0.7866,19.4,2.5,3.8856,9.0561,21.233,0.1836,1.8969,3.0289,0.1071,1.0402,3.0289,2.9524,2.264,0.5332,0.0633,9.3808,0.6863,0.9449,0.0053,0.0158,mid_gni
0.001080228,africa,botswana,55.27026814,5.586747071,27820,5.6,48043,6825,6510,95,95,97,63.4,96.2,99.2,0.374878929,270,50,34.8,2007,72,84,14.3,0,11.64064957,9.6430805,9.686452146,9.74342712,9.148502397,9.321847225,7.462308184,5.545475745,2.382348888,1.898494963,50.03684002,42.556,1.296349779,2.346929289,16.9634,4.131,7.183,0.2697,0.3622,0.1696,3.4759,0.1927,8.5241,0.2081,1.1715,0.1156,0.5472,0.1927,0.7399,0.1541,22.3815,0.185,16.1,26.4,1.5598,8.1197,22.3932,0.1923,1.0256,1.8803,0.2137,0.3419,5.9402,5.4915,0.641,0.3682,0.1534,9.3971,1.5572,0.3068,0,0.0153,mid_gni
0.002979752,south america,brazil,44.65985467,11.34809541,1554542,10.4,6832093,1958952,9850,96,96,99,82.8,98.1,100,0.080088381,1200,100,14.6,46995,1300,120,2.1,0.2,6.967636215,8.122473007,7.784321701,8.17989548,8.441650712,8.705672947,7.78777093,6.932404667,4.093004624,0.855052949,50.82898556,14.313,-0.903992772,1.151920456,24.8515,4.3627,1.1278,0.7706,0.1886,0.2528,14.292,0,5.1654,0.0763,1.7097,0.2528,0.008,0.1204,0.1164,0.1766,21.2153,0.1204,22.3,2.5,1.4314,13.2061,14.5913,0.2309,1.7239,7.1571,0.1077,0.0154,6.326,7.2033,0.5541,0.2807,0.1266,7.0053,0.4788,0.6879,0.0165,0.022,mid_gni
0.004312488,europe,bulgaria,51.9098808,30.42372709,28704,5.9,247829,206600,7220,91,87,92,86,99.4,99.6,0.016181967,6200,90,9.3,557,7,410,0,0,4.457753427,4.204651259,4.962216919,6.364955101,6.431950334,7.35577701,6.887887844,7.127280878,7.203225128,-0.638069468,51.41944788,26.052,-1.866473132,-0.201681158,27.1456,8.0274,1.8485,1.2201,0.3404,0.2723,9.3523,0.0262,7.9698,0.2356,1.6547,0.0471,0.6179,0.0367,0.1885,0.3404,17.5787,0.2461,27.4,3.6,3.6782,12.29,17.931,0.2829,1.7683,4.3148,0.2653,1.2202,4.6508,5.252,0.8665,0.6659,0.24,8.7833,0.7619,0.588,0,0.024,mid_gni
1.76E-05,africa,burkina faso,92.17971533,4.599451915,323008,2.2,306597,25862,660,91,91,88,19.7,82.3,97.5,2.070127335,48,100,60.9,41810,2700,98,55.1,9.1,17.04685522,10.60082367,8.879475124,7.442184008,6.294585423,6.380418903,5.146866241,4.087708075,1.662695235,2.893466212,50.37894416,70.141,1.710039753,5.729782927,7.2367,0.5981,10.5524,0.4061,0.3692,0.0443,3.5741,0.0148,2.1636,0.1255,11.9406,0.5391,0.096,0.0369,0.0222,0.2658,19.1774,0.0665,4.5,20,2.5188,2.7946,31.6051,0.2574,0.1471,1.1583,0.0919,0.0552,1.765,4.2103,0.2022,1.366,0.0066,1.7666,5.7595,0.0328,0,0,low_gni
0.000357496,asia,myanmar,49.05411871,7.988812773,441302,6.8,1704474,257699,13410.2027,75,75,86,79.6,80.6,92.7,0.384770652,260,70,39.5,36176,1700,98,4.4,0.5,8.213569541,9.027279057,8.423179307,7.926966563,7.745837864,7.991552226,7.443256463,6.844490111,3.782710142,0.857130965,51.13845158,65.902,0.030534541,2.474340736,26.047,3.0066,3.8192,0.9251,2.5441,0.275,18.1335,0.0375,1.2814,0.1563,5.1194,0.6938,0.5313,0.0625,0.025,0.2688,12.7453,0.2938,5.7,10.6,0.1296,10.8663,23.4358,2.0548,1.3514,6.368,0.1481,0.3702,3.5542,3.3321,1.2403,0.0161,0.0911,3.2248,1.6285,0.3107,0.2625,0,high_gni
0.00067627,oceania,cabo verde,52.04818784,6.96497793,5238,2.3,12892,3807,3290,93,93,92,72.2,91.7,94,0.111282934,900,100,20.7,226,5,60,23.9,15.4,10.03318479,10.21029677,11.06930881,10.00436143,7.957523466,9.171932858,5.952403527,4.914003982,2.351000284,1.275336115,50.65782648,34.474,-0.6947577,2.327621356,21.9578,4.2923,5.1318,0.8468,0.5256,0.1898,9.9204,0.1679,6.2851,0.0803,1.4819,0.4526,0.9709,0.0949,0.4161,0.1752,18.6656,0.3066,10.6,12.6,1.2525,8.5288,23.8171,0.3976,1.4513,3.4394,0.0795,0.497,3.6183,4.493,1.1332,0.3173,0.0649,6.3172,0.3534,0.2885,0,0.0361,low_gni
0.000193351,asia,cambodia,55.56991959,6.4062806,173923,3,404285,48590,1070,89,89,81,42.4,75.5,100,0.472972946,210,50,24.6,8759,590,90,47.5,0,10.87640019,9.666348987,9.989341765,8.196803281,10.86577328,10.83359195,4.295112187,5.426815017,3.053518627,1.616308513,51.22478327,79.277,1.353024399,2.629963923,18.851,0.8839,9.4179,0.5639,4.8461,0.2438,11.7799,0.1372,0.6248,0.1372,8.2902,0.2743,0.5029,0.3657,0.061,0.3048,11.2313,0.2591,3.5,16.4,1.4153,4.0437,33.0166,1.7792,0.647,1.7792,0.0809,0.1415,4.1852,1.3142,0.3639,0.4817,0.0153,0.3441,4.5722,0.0535,0,0,low_gni
7.93E-05,africa,cameroon,84.2579892,5.906542513,389381,6.5,381523,58551,1330,84,84,79,45.8,75.6,94.8,2.888392618,35,100,57.1,46762,5100,98,5.8,0.8,15.88203115,10.69318221,9.494225231,8.26481047,6.789034685,6.820010548,5.251298097,4.113864972,1.703853573,2.477142121,49.99916682,45.619,1.252721936,3.515971912,6.3264,0.7838,6.9796,0.0746,0.9051,0.7931,3.3685,0.028,1.1197,0.084,9.7509,0.8491,0.7465,0.5319,0.1213,0.1026,23.2155,0.5505,9.5,9.9,1.5263,2.1669,20.5201,0.5464,3.5048,0.9987,0.0565,0.6595,1.6017,4.1455,1.3755,0.5688,0.0144,0.8063,3.8301,0.1008,0,0.0072,low_gni
0.000852677,north america,canada,47.2924045,23.76677679,178658,7.4,1205028,921716,47500,91,91,90,99.8,99.8,100,0.011328543,8800,34,4.3,1587,27,105,9.441721854,0,5.229788195,5.668705588,6.741465101,6.733581547,6.987152623,7.068574308,6.619408039,6.479430799,6.196462018,0.863130607,50.39982135,18.172,-0.111634026,1.080897426,23.1663,9.7895,1.544,1.2437,0.4244,0.4244,7.8211,0.062,3.8812,0.0065,2.36,0.1991,0.0979,0.0588,0.1795,1.211,20.4733,0.222,31.3,2.5,1.5748,12.6986,13.0279,0.5297,1.8182,4.796,0.0143,0.1432,6.199,7.9599,1.088,0.3458,0.6868,5.7905,2.416,0.6374,0.0099,0.084,high_gni
2.06E-05,africa,central african republic,75.15610362,6.753069797,76253,6.3,84355,15123,320,47,47,49,21.8,68.5,89.6,3.668342681,27,50,91.5,14981,1400,98,22.3,4.4,14.23422524,10.86139398,9.603655101,8.625489767,7.154016168,7.219081749,5.489976079,4.186439778,2.148333747,1.977644135,50.7085114,59.963,1.515086198,2.674438874,18.5453,2.8767,2.7645,0.1122,0.5509,0.4998,12.9144,0.0102,1.7342,0.3468,7.0183,0.4794,0.0102,1.0609,0.0408,0,19.4838,0.0918,6.3,59.6,0.5402,7.3927,8.9565,0.4265,1.905,4.9758,0.3412,0,1.706,4.8052,0.3128,0.2045,0.0969,1.6363,3.6064,0.3876,0.0431,0,low_gni
1.29E-05,africa,chad,100.6866607,4.918309108,281174,5.7,193778,24509,880,55,55,62,12.1,50.8,71.8,5.518801589,18,50,85,51335,5400,98,64.4,13.9,18.6001343,11.07425055,9.092838829,7.294710724,5.804261715,5.844480262,4.540563412,3.52143347,1.61950932,3.261297138,49.93706132,77.529,3.09376607,3.841473819,16.8564,3.1261,7.986,0.0701,0.648,0.0701,7.8546,0.0088,4.4308,0.7268,16.7863,0.5342,0,0.1926,0.0263,0,7.5131,0.0263,4.8,37.5,0.1436,6.9411,27.8124,0.4787,0.3112,3.0158,0.5984,0,2.0823,1.8191,0.0957,0.0567,0.0425,2.7723,6.6931,0.0142,0,0,low_gni
0.002179334,south america,chile,45.24316588,15.9811221,113918,10,647913,317111,14060,96,97,96,99.1,99,99.7,0.03914812,2600,100,7,1636,52,126,0.1,0,6.319547453,7.093521309,7.574777809,7.792438023,7.184711613,7.617919183,6.836908363,6.938854108,4.914103836,1.038877486,50.66302967,10.47,-0.60936688,1.233416183,32.5206,5.2608,3.1847,1.4085,0.5204,0.4186,20.2172,0.0339,5.0798,0.0396,1.1596,0.2093,0.0283,0.181,0.4356,0.7241,10.844,0.2602,28.8,2.7,1.5942,12.3547,19.5782,0.3985,1.2786,7.4228,0.0332,0.0332,7.6387,2.823,1.096,0.2314,0.1016,5.226,0.4571,0.316,0,0.0169,high_gni
3.54E-06,asia,china,36.57994248,13.04503247,7846614,9.8,60652783,12806288,7820,99,87.47468354,99,76.5,95.5,97.5,0.042300762,2400,100,9.2,156450,4400,128,0.7,0,5.777114314,5.542887513,7.530652018,9.303619714,7.243630752,7.201124669,6.952659837,8.715416039,5.786752406,0.508136747,48.4773329,44.386,-2.168292268,2.696837536,31.0465,3.4468,2.5989,2.3066,0.9817,0.2344,21.6062,0.1517,2.2156,0.4784,1.8351,0.0234,0.0676,0.0565,0.9362,1.7979,10.659,0.5763,6.6,8.5,1.2768,16.1844,17.3827,1.2872,1.2924,9.8896,0.6698,0.0837,3.3436,3.5791,2.4645,0.1648,0.0471,2.4705,1.7892,0.387,0.0088,0.0059,mid_gni
0.002694288,south america,colombia,45.61504718,10.2498508,361603,10,1658277,388514,7130,91,91,94,81.1,91.4,96.8,0.125686759,800,100,13.6,10183,480,98,4.4,1.5,7.471637218,8.156451769,8.467452277,8.348849869,8.118244967,8.191349772,7.417825052,6.643209201,3.982986599,0.910880196,50.768872,23.564,-0.249393717,1.271306068,21.4008,1.7819,1.7347,1.7819,0.3717,1.2273,11.3996,0.0177,5.9535,0.118,0.9854,0.1652,0.1239,0.2832,0.2655,0.5251,23.0824,0.1829,22.1,4.8,0.9856,8.8544,15.3337,0.2424,4.6857,4.0717,0.1293,0.0808,9.5492,5.5906,0.614,0.2626,0.0346,8.4243,0.6496,0.1313,0.4699,0.0346,mid_gni
2.03E-05,africa,congo,95.91275719,5.806728951,1468735,6.4,1276696,159817,410,81,81,79,28.7,52.4,81.1,4.090656188,24,67,74.5,233339,22000,98,10.2,2.5,17.73725909,10.54651948,8.820577049,7.291551107,5.943494291,5.919767494,4.825136801,3.992528053,1.68256674,3.141738113,50.1297737,57.506,2.244994933,4.368224962,12.9993,0.339,2.7016,0.1377,1.854,0.837,9.6514,0.053,0.678,0.339,5.0429,0.1483,0.0106,1.0806,0.5191,0.0212,26.0091,0.5827,8.4,40.3,1.6241,4.9805,12.6462,1.1693,1.8839,3.1832,0.2382,0,3.5513,4.699,0.7579,0.7335,0.0089,0.5725,1.7531,0.0716,0,0.0179,low_gni
0.001529374,north america,costa rica,45.36935187,12.93939469,32891,8.5,158160,51758,10210,92,92,93,94.5,97.8,99.6,0.047644259,2100,100,8.5,577,18,120,0.1,0.2,7.120328185,8.088981208,8.428987993,8.488930423,8.040486116,8.195315407,7.18322611,6.407387905,3.955201359,1.050539819,49.96630511,23.179,-2.783638956,2.236891154,20.5571,6.1,1.6733,1.1492,0.9286,0.57,5.6449,0.0138,6.67,0.0552,1.0389,0.2436,0.0414,0.0506,0.4045,0.354,24.8736,0.1701,25.7,4.8,1.211,11.347,14.499,0.7299,2.223,3.0358,0.0829,0.0829,8.4107,7.9297,0.7133,0.0739,0.0739,11.7861,1.4602,0.5545,0.0123,0.0062,mid_gni
3.15E-05,africa,cote d'ivoire,83.49039142,5.554099767,390632,2.3,388834,28315,1410,83,83,72,22.5,81.9,93.1,3.168161167,32,100,66.6,54998,5400,98,26.4,5.6,16.33148675,11.15584181,9.304406959,7.628958598,6.345921017,6.169214441,5.363455302,4.351004114,1.669549874,2.427516558,49.13937177,45.82,0.909199848,3.729796675,5.3253,0.2726,4.9709,0.4271,1.2268,0.5271,2.5809,0.0091,0.5634,0.2545,4.8891,0.1,0.6089,1.2359,1.9357,2.3355,27.7354,0.3272,9,19,0.4579,2.1612,18.8278,0.641,2.5458,0.8791,0.1832,0.2564,1.63,4.9451,0.641,0.1859,0,0.6506,2.2727,1.4109,0,0.0084,low_gni
0.002967993,europe,croatia,51.1207047,28.61785715,18223,5.6,139163,140018,12690,94,94,93,97,99.6,99.6,0.012718536,7900,100,3.6,135,3,208,0.4,0.3,4.588880431,5.341067038,5.208998176,5.971936164,6.467638573,7.181615939,6.572145634,6.595470662,7.03190381,-0.330505844,51.76657783,41.036,-1.078313965,0.193251063,29.3768,7.4457,2.9565,0.9476,0.5633,0.2577,11.4896,0,8.7951,0.131,1.8123,0.0175,0.0655,0.0393,2.6726,0.6987,11.7123,0.393,27.1,2.5,2.7404,14.6911,14.2695,0.6,1.508,5.4484,0.2594,0.0649,7.4753,3.843,1.9296,0.642,0.1162,11.4561,0.5866,0.9242,0.0387,0.0221,mid_gni
0.000730669,north america,cuba,43.42712073,20.04085123,56790,10,520969,234335,13410.2027,99,96,99,93.2,94.9,96.4,0.0566102,1800,88.875,4,469,45,105.4117647,0.6,0.4,5.042804563,5.87528804,6.188647086,6.926487661,5.921709642,6.101040521,5.881357607,8.624837233,5.586066109,0.09180158,49.76152727,22.926,-0.360795379,0.226824769,25.9025,3.2213,4.4779,1.4788,0.2638,0.6179,16.0233,0.0139,4.7695,0.1458,2.6937,0.6248,0.0417,0.3749,0.1458,0.0069,14.5446,0.5554,26.7,2.5,0.9825,7.6111,19.607,0.1466,3.2116,4.2968,0.1027,0.0147,7.5964,2.713,1.2758,0.1187,0.0057,4.3024,2.6063,0.1753,0,0,high_gni
0.000547498,europe,cyprus,41.63596652,18.19377375,6269,9.6,37069,20062,25930,97,97,90,100,100,100,0.010671087,9400,72,2.5,32,1,126,0,0,5.569298258,6.473455172,8.175078135,7.76197951,8.45818559,9.324599826,7.497967793,6.859048927,5.260437835,1.004080092,48.983781,33.079,1.300872961,0.857700042,20.9578,1.8698,3.4616,1.0044,0.7309,0.3632,10.5506,0.1614,6.6945,0.1031,2.1164,0.0628,0.0538,0.0404,1.9236,0.8609,19.7381,0.2601,22.6,5.6,1.6826,12.8681,15.392,0.8604,1.9312,5.9847,0.1338,0.0765,4.4933,7.4379,1.5105,0.2117,0.0436,7.3613,1.1335,0.6415,0.0062,0.0125,high_gni
0.000578224,europe,denmark,55.86142944,29.55045409,25316,7.2,212717,147479,58590,93,93,91,99.6,100,100,0.010535361,9500,50,2.9,150,4,126,0,0,5.029084266,6.108676526,6.623745426,5.911734296,5.426856434,5.56854846,6.248774146,6.628648843,5.781163315,0.574710113,50.36357745,12.324,-0.82743462,0.77338505,35.4131,14.2498,1.4741,1.7484,1.1313,0.5257,9.2408,0,8.8142,0.2285,0.7161,0.0152,0.1752,0.0533,1.6874,1.1846,8.4752,0.2819,21.3,2.5,2.4239,17.7505,13.3757,0.9459,1.5814,5.0103,0.3252,0.1921,7.1386,2.9116,1.1676,0.3937,0.4246,12.009,0.3185,0.9245,0.0044,0.0575,high_gni
0.000212871,africa,djibouti,58.53386781,6.637145229,10400,8.4,20308,2657,13410.2027,84,84,74,47.4,90,97.4,0.6980125,140,100,54.2,1190,50,98,20,3.7,11.38208991,9.894371056,10.07038159,9.687592615,7.379320798,7.35238044,6.893595072,5.471031788,2.218682907,1.325049786,49.78470729,22.657,0.968570487,1.42971882,11.1065,1.3966,4.3977,0.2494,0.291,0.1247,5.121,0.1413,3.8573,0.1912,0.4323,0.557,0.3159,0.0333,0.5653,0.4157,31.449,0.4572,12.2,18.9,0.1306,3.7127,27.8918,0.1493,0.7836,1.4925,0.1306,0.2052,6.1754,6.25,1.2127,0.0225,0.0225,3.4863,0.2549,0.1949,0,0.0075,high_gni
0.00064667,north america,dominica,58.85688141,13.27426371,391345.9012,12.6,1359771.66,466165.4815,6760,98,98,96,73.56153846,89.77070064,95.7,0.709157384,3161.220126,60,19.6,21,1767.037736,84,9.441721854,2.777124183,9.727203194,8.193980104,8.175233632,7.903350313,7.325066375,7.551445038,6.531372392,5.983206066,3.813317802,0.467519349,50.15638461,30.461,-0.459667326,0.876387998,26.925,3.8063,1.4913,0.3619,1.6536,1.1856,13.7339,0.1123,7.232,0.1373,4.8172,0.1373,0.468,0.4867,1.7846,0.0312,12.3237,0.2309,28.2,6.2,1.4266,10.9375,11.3791,1.036,5.8254,4.7724,0.1359,0.4755,6.9633,2.9721,1.036,0.038,0.0634,8.3434,0.7095,0.6018,0,0.0127,mid_gni
0.000403385,north america,dominican republic,57.75732496,10.49505761,103699,8.8,284478,90004,6130,85,76,90,84,84.7,85.4,0.2478182,400,100,25.7,5572,200,84,2.8,2,9.847393868,9.130299713,8.889892662,8.227074199,7.544908071,7.370599112,6.657963372,5.997757412,3.113308222,1.169842771,50.17187337,21.02,-3.109305847,2.340250611,15.2779,2.2261,1.4528,1.1248,0.2484,3.6133,7.3718,0.0422,4.1194,0.1875,2.9103,0.1921,0.0609,0.0797,0.2906,0.0703,25.8881,0.1218,26.9,9.5,1.589,8.6782,13.3054,0.2968,7.421,3.7716,0.2445,0.0524,5.413,8.521,0.5762,0.4784,0.0224,7.1386,0.7774,0.4111,0,0,mid_gni
0.002086239,south america,ecuador,55.57777234,10.43023167,157292,9.2,443717,133023,6010,78,78,84,84.7,86.9,93.4,0.171974068,580,100,18.4,6027,210,84,3.9,0,9.741977846,9.122231197,8.814822788,8.342104015,7.551956146,7.560205197,6.829834991,6.209233673,3.326768896,1.506845985,50.00692192,36.258,0.885465301,1.862032896,20.9283,4.7198,3.6672,1.0246,0.2519,0.4367,8.7453,0.028,6.0803,0.1008,0.8566,0.0616,0.0392,0.084,0.1848,0.0784,23.5541,0.084,19.3,7.9,0.9275,9.7391,23.4396,0.2512,2.5894,3.9227,0.1353,0.0386,3.6908,7.1884,0.4638,0,0.0988,7.3579,0.6385,0.0532,0,0.0152,mid_gni
0.000237706,africa,egypt,62.28639809,8.471773866,1332613,16.7,2160303,451007,3340,93,93,92,94.7,99.4,100,0.122989369,810,100,20.3,56914,820,90,0,0,12.96764949,8.469595427,8.641923736,9.08423726,8.0136607,8.06172392,6.649872633,5.376133392,2.749722186,2.129892119,49.4684863,56.865,2.013894981,2.283017397,15.9979,3.4231,13.4988,0.8448,1.32,0.7216,6.4678,0.0088,3.6343,0.2992,4.4615,0.1584,0.2376,0.1936,0.0792,0.2992,13.6132,0.66,31.1,4.5,0.0301,4.1999,32.2144,0.6322,2.5591,1.6408,0.2107,0.1204,4.0644,2.0623,1.5806,0.0052,0.0467,2.0919,0.5969,0.2024,0,0.0052,low_gni
0.000624165,north america,el salvador,54.32195105,12.61087844,50429,9.2,181117,62648,3940,91,91,95,75,93.8,97.5,0.11175312,890,100,14.4,1509,57,84,2.8,0.9,7.810559455,9.806073923,9.52994179,8.312075445,7.323345253,6.602994323,6.84960241,6.245421121,3.56083734,0.308591942,53.06941896,33.274,-1.096995002,1.016962709,23.3032,6.3901,8.1958,1.6034,0.4514,1.4321,6.6547,0.1012,8.1491,0.0545,5.0669,0.5837,0.0311,0.1401,0.3269,0.1167,10.2506,0.4514,22.7,9,0.9019,7.9857,22.6043,0.2818,1.9917,2.2924,0.0564,0.0188,7.1965,2.1984,1.0898,0.1203,0.0468,7.0364,1.3699,0.294,0,0.0267,mid_gni
0.001472563,europe,estonia,53.48614119,28.79355264,6022,4.4,41207,50930,18480,93,93,93,97.2,99.6,100,0.015801274,6300,100,2.3,28,1,140,0,0,5.033083181,3.869443171,5.50598648,6.798092346,6.387488543,7.668666717,6.191424152,6.649862511,6.900063016,-0.193943202,53.1968873,32.462,0.065294697,-0.318306721,33.219,6.5339,2.8982,1.583,0.2818,0.3805,10.4279,0.0188,14.275,0.1174,0.3664,0.0658,0.1926,0.0892,2.7855,1.2495,8.4457,0.2865,23.8,2.9,4.839,15.3336,16.2121,0.339,1.5411,4.3612,0.1387,0.1541,3.7756,2.4503,1.2329,0.5907,0.2233,15.424,0.1861,0.7535,0.0047,0.0233,high_gni
6.98E-05,africa,ethiopia,81.56767847,6.325619289,1501657,3.4,1696901,257550,590,86,86,78,28,57.3,93.1,1.55595121,64,100,41.4,129947,11000,90,28.6,5.8,14.46481709,11.68825654,9.669709658,7.721206572,6.614010418,6.451963591,5.125219203,4.18932402,1.837184272,2.47736063,50.08830198,80.528,1.927514449,4.78395465,11.1691,1.4358,11.3929,0.2238,0.0559,0.4102,4.1768,0,5.1091,0.1678,2.6851,2.5545,2.6851,0.8018,0.0186,0.7459,17.4156,0.1305,3.6,20.6,0.4774,2.0182,31.5321,0.0217,0.2821,0.651,0.0651,0.5859,1.8663,1.8012,0.2821,0.1676,0.0076,2.1938,0.8074,0.3047,0,0,low_gni
0.000782384,oceania,fiji,52.84830729,8.91258909,8204,13.8,24807,3394,4800,99,99,94,91.1,95.7,99.5,0.08127838,1200,100,19.1,328,5,84,0,0,9.764935533,8.443210997,8.509342832,7.85851436,7.925102276,8.060587223,6.93540516,5.824846415,3.536912966,0.640395308,49.15322061,46.272,-0.164587974,1.33889927,20.0472,7.6883,1.5114,0.5773,1.4694,0.084,8.423,0.0262,1.7948,0.0945,8.9635,0.2991,0.1312,0.3569,0.4408,0.1469,17.8168,0.1732,30,3.7,0.7322,8.4795,18.1338,1.1238,0.63,3.5587,0.1192,0.1192,5.9254,5.1081,0.8343,0.2232,0.2435,2.7323,1.8734,0.3382,0,0.0203,mid_gni
0.000312659,europe,finland,58.26668653,32.40856382,27994,6,179363,185733,46360,98,98,97,97.6,100,100,0.004608347,21700,58,1.9,110,2,147,0,0,5.313414099,5.333203551,6.09890861,5.883300208,6.154125832,6.749810542,6.175919279,5.24041142,6.729594499,0.374669478,50.77568517,15.779,-0.477237042,0.535086564,36.725,6.3787,1.7872,0.8524,0.9384,0.2901,16.6649,0.1146,11.8155,0.0788,0.6017,0.0179,0.043,0.0537,0.7844,0.5157,8.8607,0.2041,24.9,2.5,2.4873,19.2239,14.504,0.944,1.6032,7.9562,0.1199,0.045,4.525,3.2814,0.884,0.4797,0.2505,14.3706,0.3524,1.0826,0.0042,0.0594,high_gni
0.001866966,europe,france,60.26679873,30.64383183,380069,5.3,2260805,2590459,40580,98,97,91,98.7,100,100,0.016504224,6100,73,3.5,2747,66,112,0,0,5.791900645,5.623157014,5.496157585,5.931521961,6.081248049,6.323875132,5.898862977,6.613230982,6.172348311,0.468770345,51.32931891,20.48,-0.652846491,0.759686266,30.2594,9.1996,1.4334,0.9894,0.8752,0.3869,11.0864,0.0159,7.9533,0.1554,0.685,0.0254,0.0285,0.0412,0.6279,0.853,15.4658,0.1776,23.2,2.5,1.9955,16.9899,13.8983,0.8994,1.6582,6.1551,0.2389,0.0422,5.5509,6.0568,0.9837,0.1784,0.2677,11.1617,0.4104,0.7361,0.0045,0.0134,high_gni
0.000166928,africa,gabon,73.10581547,8.836935833,24711,7.8,33184,9797,9210,80,80,68,41.9,93.2,97.2,1.173956687,85,100,36.1,1852,150,98,1.8,1.5,13.86464367,10.25349999,9.403184579,8.357643693,6.988954811,7.286642397,5.60138827,4.583870741,2.225335929,2.204565449,49.43279167,12.844,0.383863745,2.47570393,19.2656,0.7379,4.1074,0.1956,2.0359,0.6401,13.4068,0.1422,2.2937,0.5957,8.9438,0.0089,0,0.5779,0.7112,0.0178,15.3805,0.2045,13.4,10.5,2.0617,7.1874,18.0064,1.0781,5.2771,4.4638,0.4539,0,2.7237,2.8939,0.5485,0.6967,0.0188,1.7071,3.3264,0.1004,0,0.0126,mid_gni
0.000172282,africa,gambia,94.16772402,4.492750372,39315,2,33814,2494,13410.2027,97,97,97,58.9,90.2,94.2,4.110835623,24,100,47.9,3938,590,180,1.8,0.1,18.01792931,10.53200092,8.96733914,7.731205608,6.641880339,6.169973344,5.466817453,3.936669541,1.375382562,3.201140871,50.49881362,40.368,1.684263284,4.241211325,6.0418,0.2548,4.9416,0.2113,1.3488,0.0373,1.3488,0.0622,2.8468,0.0311,12.4751,0.0311,0,0.0124,0.0995,0.2362,25.9883,0.0746,8.7,10.2,0.3543,3.7394,26.8845,1.1021,0.1771,0.6298,0.0394,0,5.5895,7.282,0.2952,0.2116,0.0078,3.3702,8.0649,0.4232,0,0.0157,high_gni
0.003751019,europe,georgia,45.673028,20.43160238,27553,6.4,129122,89757,4160,94,87,96,86.3,100,100,0.067702377,1500,100,10.6,601,19,183,1.1,0,6.344861811,5.617210437,7.087620795,7.713343606,7.047365706,7.752583522,6.894472862,6.598583614,5.572270076,-1.296264437,52.29398282,46.359,-1.668742333,-0.973230441,25.2749,7.2612,4.5695,1.1781,0.4284,0.2071,7.2326,0.1071,9.0818,0.1,0.6854,0,0.0714,0.0928,2.7774,1.1566,14.8579,0.1999,23.3,7.9,1.2367,8.8138,25.6053,0.2613,0.8361,2.3689,0.0871,0.0523,6.6539,3.205,0.5748,0.1495,0.169,8.2299,0.299,0.6436,0.0065,0.026,mid_gni
0.001377063,europe,germany,51.80605869,32.2445966,334377,7.4,3368120,2966058,45790,96,94,97,99.2,100,100,0.00852046,11700,100,3.1,2140,42,98,0,0,4.009967292,4.781739349,5.253607574,6.1386977,6.223011841,6.601137919,5.708517444,5.925698428,6.306797176,0.530366451,50.85705908,24.699,-0.304227876,0.805640478,28.1419,11.0084,1.1778,1.0462,0.7019,0.2632,8.9127,0,6.4289,0.0472,0.8909,0.0101,0.0844,0.0607,0.6614,1.6739,16.8163,0.216,25.7,2.5,3.2902,15.3684,12.4016,0.5343,1.5607,5.0759,0.0703,0.0984,6.482,6.1867,1.0827,0.6525,0.3023,12.0526,0.7821,0.6669,0.0048,0.0288,high_gni
4.72E-05,africa,ghana,73.04414373,5.873359602,423219,2.3,586695,76178,1480,88,88,89,14.9,88.7,92.6,1.344879206,74,100,42.8,38211,2800,84,19.1,6.8,14.40598114,9.836083188,9.13380658,8.234375625,7.467682826,6.922272795,6.337201523,5.19414625,1.979253383,2.300231881,50.25370584,45.958,0.895805193,3.510292177,7.6875,0.806,5.6789,0.3472,2.7774,1.2151,3.1618,0.0496,0.4216,0.1736,10.9113,0.3968,1.2771,2.0087,0,0.0868,20.4464,0.248,9.7,5.5,0.3956,2.1263,13.8784,0.923,5.6865,0.7417,0.0824,0.5769,1.9779,2.4065,0.4121,0.1509,0.0079,0.5878,2.5576,0.0159,0,0.0159,low_gni
0.001920779,europe,greece,56.24728159,33.43153886,51243,5.2,409156,410244,20290,99,99,97,99,100,100,0.004222041,23700,100,3.6,382,3,119,0,0,4.621185543,4.455251212,5.213454158,5.079804644,6.797941616,7.488799699,7.009085386,7.44550979,5.797468842,-0.632536106,51.20624482,21.993,-2.11738617,-0.209887775,17.9063,1.6989,1.328,0.7749,0.3245,0.2484,6.6267,0.0298,8.3355,0.1424,1.8413,0.0795,0.0497,0.0431,0.7749,1.881,25.5332,0.2848,27.4,2.5,1.0285,11.4771,14.4731,0.5068,2.2954,4.1586,0.1938,0.0596,4.2629,10.1654,1.4607,0.2376,0.0998,11.0689,0.6036,0.6273,0.0095,0.0285,high_gni
0.001872221,north america,grenada,50.69971504,10.78915442,961,11.4,2229,1247,8430,92,92,99,98,96.6,99,0.066467418,1500,88,10.8,21,1,90,1,1.7,9.102007851,8.955504217,9.601622809,10.55201818,8.46903702,8.948566736,6.331586559,4.787663643,3.010837512,0.446584284,49.83945706,64.409,0.42966967,0.477202029,23.0842,2.4889,1.4883,1.444,1.2856,2.8436,12.9576,0.1267,4.8195,0.0823,3.3186,0.19,0.8803,0.0697,0.874,0.1393,16.8841,0.1077,20.2,11.22675159,1.9979,12.2581,13.7565,1.1446,3.5588,5.7648,0.0832,0.6452,7.9084,4.9116,0.6035,0.1204,0.0567,6.5812,0.5809,0.1204,0,0.0283,mid_gni
0.000985566,north america,guatemala,70.85067193,8.28033528,213426,11.1,343318,92364,3590,74,74,99,63.9,92.8,98.4,0.306323594,330,100,24.3,10818,380,84,5.3,1.9,12.26911998,10.64662873,9.483714785,8.204196857,7.469445648,7.233787232,6.248660869,5.098885232,2.313671661,2.023674003,51.09026264,48.429,1.086502985,2.91181644,15.4397,1.7622,9.3956,2.6186,0.1482,1.2516,7.0735,0.0247,3.7385,0.0988,3.7879,0.5764,0.1235,0.0247,0.3788,0.9305,17.8113,0.2553,18.8,15.2,0.5887,5.5534,23.8619,0.0981,1.3736,2.551,0.0785,0.0589,9.3995,3.748,0.7653,0.0787,0.0358,2.9408,1.431,0.4865,0,0.0143,low_gni
3.10E-05,africa,guinea,83.80803921,5.630811247,214921,2.2,221551,20468,470,51,51,52,20.1,76.8,92.7,3.462112658,29,100,61,27757,3100,98,15,0.4,16.12757031,10.61757111,9.078697935,7.635778646,6.34224645,6.394492962,5.20300085,4.241807611,2.125954429,2.677072216,49.85770019,62.839,1.914536431,3.979893871,6.0747,0.7557,4.7086,0.3125,0.5014,0.3415,2.8993,0.0363,1.4896,0.1163,6.6633,0.1744,0,0.3343,0.2616,0.0073,30.6133,0.7848,6.6,16.5,0.0894,2.415,24.8479,0.3399,2.5939,1.0376,0.1073,0,2.2182,6.6547,1.61,0.0404,0.0162,1.4797,3.5417,0.2183,0,0.0081,low_gni
8.08E-05,africa,guinea-bissau,78.44823833,5.653993334,30789,2.2,33664,3063,590,80,80,69,20.8,79.3,98.8,2.622019451,38,100,60.3,3898,370,60,17.3,1.6,15.50959546,10.38839394,9.299706619,8.095712325,6.945872473,6.994647733,5.457755767,4.425053159,2.23809652,2.40417326,50.36124327,50.668,0.872618922,4.002011639,10.8323,0.6274,2.8828,0.1509,0.0715,0.2938,8.0527,0.0556,1.8027,0.1271,1.7154,0.0794,0,0.1985,0.2224,3.3116,30.3288,0.0794,8.2,28,0.6881,3.8624,28.6127,0.0444,1.9534,2.5971,0.111,0,0.6881,7.5028,0.2664,0.1925,0.034,2.1857,1.2684,0.0793,0,0.0113,low_gni
0.001374033,south america,guyana,51.0881276,7.564205339,8181,11.2,26414,2378,4090,95,95,99,83.7,98.3,98.2,0.586945693,170,70,32,545,34,91,0.3,0,8.575786323,12.44097006,9.401550371,4.901385271,4.83141415,5.569145445,5.751259218,6.521727736,3.531051978,0.416988961,49.74494352,71.447,0.285412726,0.746986898,22.7418,1.002,2.9072,0.334,1.169,1.503,12.555,0.0911,7.6287,0.0531,9.3518,0.3871,0.8653,0.129,0.9261,0.8805,9.0633,1.1538,19.2,8.1,0.5719,9.0121,21.2998,0.8666,2.253,3.6915,0.0347,0.5546,5.5459,1.8371,3.1889,0.1537,0.0114,8.5249,2.0885,0.2959,0,0.0285,mid_gni
7.15E-05,north america,haiti,62.26450509,7.514234224,121193,6.9,238422,45656,820,60,60,53,27.6,57.7,64.9,1.106194632,90,100,52.2,13407,950,42,19,7.7,11.20697792,10.24803067,9.657411966,8.98740128,8.137604147,8.062166843,6.289791813,4.972638583,2.525008566,1.306576618,50.54253699,41.355,-1.574957746,3.389669342,12.1462,1.7481,5.7517,0.1353,0.3722,1.6804,7.8944,0.0564,1.8608,0.1353,3.3157,0.8458,0,0.5526,0.3609,0,25.1494,0.1241,20.5,49.3,2.0559,3.7884,21.5754,0.2079,2.9568,2.079,0.0924,0,4.0425,4.5507,0.3696,0,0.03,1.6922,1.3117,0.8511,0.01,0.01,low_gni
0.001292003,north america,honduras,57.76867708,7.6569308,78429,9.2,179940,50719,2270,85,85,87,82.6,91.2,97.4,0.3369169,300,100,17.4,2832,220,84,4.8,0,9.898422866,11.01015623,10.37541055,9.16323397,7.928230511,7.710305498,6.559731901,5.276821706,2.367261205,1.414026656,50.01941781,45.27,0.112631041,2.503425525,16.7113,2.6611,8.3159,0.7448,0.1302,0.376,7.8603,0.0651,5.2281,0.0868,0.5857,0.4194,0.0289,0.0217,0.3833,0.1012,22.8722,0.1157,19.4,12.9,0.7052,6.7385,23.3301,0.0979,1.5475,2.8991,0.0784,0.0196,8.5406,5.4848,0.3722,0.1091,0.0156,6.1253,0.2182,0.6858,0,0.0156,low_gni
0.003980422,europe,hungary,47.87781433,26.34871647,41889,7.3,335207,301027,12990,99,99,99,98,100,100,0.022812915,4400,70,5.3,461,15,168,0,0,4.356896129,4.70510391,5.740335598,6.180155603,6.518700628,7.450331655,8.167643205,7.220635,7.482381445,-0.22101201,52.40127801,28.773,-1.793388794,0.421246651,28.9972,12.3082,1.2735,1.2018,0.1954,0.127,10.0576,0,5.2308,0.0033,0.3583,0.0391,0.1107,0.0391,0.7393,0.0456,18.0699,0.2019,28.6,2.5,3.0432,16.0682,13.4206,0.1978,1.0347,5.9038,0,0.1522,5.3408,7.4863,1.0499,0.5289,0.5687,9.8157,0.2616,0.4777,0,0.1081,mid_gni
0.000111842,europe,iceland,51.59234209,20.78934345,2209,6.1,10779,7234,49730,92,92,93,98.8,100,100,0.006866366,14600,49,1.6,7,0,90,0,0,6.89334266,6.510142636,7.521060795,6.69748487,7.084334418,7.433644407,6.36659469,6.355037864,5.383047961,1.044358627,49.90665554,5.863,-0.565525131,1.145486418,34.4402,7.1086,4.3005,0.8991,1.6872,0.4975,13.6029,0.1199,11.0046,0.1349,0.8931,0.012,0.1079,0.03,1.5254,0.5005,7.4053,0.1678,23.1,2.5,2.0403,22.2911,10.7803,2.2746,2.2195,7.5958,0.2619,0.1654,5.3212,3.019,0.8547,0.3794,0.3298,12.5102,0.5142,0.9184,0.0035,0.0035,high_gni
0.000367252,asia,india,52.44887197,8.561696605,11520960,9.3,34592328,6229477,1590,87,45,87,39.6,94.1,97.1,0.452792531,220,100,37.9,946304,45000,84,44.4,9.8,9.278889055,9.2477468,8.889643488,8.565298733,7.940979688,7.956372992,6.985845284,6.216026331,3.367111425,1.20929453,48.1676416,67.253,0.644375758,2.37958104,16.0538,7.4859,5.1196,0.7653,0.3783,0.4046,0.9061,0,6.4919,0.0264,3.7386,1.1084,0.8005,0.0792,0.0176,0.5014,21.7804,0.3958,3.8,14.5,0.2582,5.5622,27.652,0.2582,1.4303,0.298,0.0199,0.5959,3.5757,4.3504,1.1323,0.0077,0.0306,7.8142,1.1174,0.176,0.0459,0,low_gni
0.00055945,asia,indonesia,48.95607776,7.706583914,2639739,6.5,8143330,1062789,3440,81,81,69,60.8,87.4,94.2,0.314212198,320,100,22.8,125168,6400,90,20.4,13.1,9.51523436,8.741455468,8.095378477,7.869324217,8.393588611,8.231787799,7.735823728,7.153219977,2.994683065,1.214438403,49.64825358,46.258,-0.370495991,2.59906836,9.1722,0.7049,6.6871,1.4549,2.5122,0.7139,3.6237,0,0.7049,0.1627,7.3649,0.0452,0.3886,0.3072,0.497,0.3976,24.0918,0.2711,6.9,8.3,0.0346,3.372,31.9557,1.4698,1.4179,0.9165,0.1038,0.2594,3.4584,4.0809,0.709,0.0073,0.0219,1.0854,2.3529,0.4006,0.0219,0,low_gni
0.001663598,asia,iran,40.19461907,7.095410485,645387,10.1,2075302,348410,13410.2027,98,98,99,90,96.2,97.7,0.049941708,2000,67,13.4,18067,340,270,0,0,8.562170918,6.622152988,8.884248564,11.99613129,12.10053096,10.7779697,8.810171699,6.07455759,3.238908012,1.228136383,49.64534372,26.625,-0.706085611,1.939346895,16.9273,6.0372,5.5867,1.3259,0.6114,0.6243,6.1724,0,2.6389,0.1416,0.4055,0.2961,0.2124,0.1738,0.0451,4.9044,20.2935,0.5278,25.5,4.9,0,5.8494,26.2179,0.3686,2.8526,2.3077,0.0962,0.1282,4.5513,4.4712,1.7788,0,0.2626,2.8201,0.1313,0.3311,0.0057,0.0057,high_gni
0.000663255,asia,iraq,78.69586062,5.461367662,581056,9.3,753834,100159,5550,58,58,57,85.6,86.6,93.8,0.240564754,420,100,26.5,32258,620,72,0,0,15.47420948,10.32561347,8.979269802,7.838292205,6.769224423,6.901787641,5.96577373,5.086404642,2.089537783,3.208518261,49.3814978,30.529,2.848852597,3.366983237,11.1327,3.8118,6.2761,1.9023,0.1441,0.2306,3.5164,0.0432,1.7366,0.0288,0.9584,0.1369,0.0576,0.0288,0.7278,0.6341,29.6152,0.1513,27.4,29,0.0997,4.1476,29.7308,0.1196,1.5753,1.4756,0.0199,0.0399,4.7059,7.2383,0.5583,0.0083,0.033,2.2547,0.3799,0.3469,0,0.0165,mid_gni
0.001273945,europe,ireland,53.65716532,20.18977759,32409,4.4,152543,81326,46680,95,95,93,90.5,97.9,97.9,0.016369338,6100,35,3,201,5,182,9.441721854,2.777124183,7.269729446,5.588604512,5.261441137,6.279807935,7.871423899,7.644084839,8.193732839,7.82075041,5.243684124,0.50719881,50.08820584,36.759,-0.275957846,0.965245306,27.1689,8.6472,2.7091,0.9231,0.9372,0.2829,10.0477,0.0283,6.5464,0.0707,0.863,0.0389,0.0707,0.0531,1.5137,0.8417,16.1839,0.2405,26.9,2.5,3.2284,14.0167,14.4471,0.7398,1.8832,5.0982,0.1211,0.0807,6.0533,5.4479,1.2376,0.7787,0.3115,9.6847,0.5569,0.59,0.0047,0.0425,high_gni
0.000983605,asia,israel,64.12940849,18.44652075,85218,7.5,223685,155551,35440,94,94,98,100,100,100,0.016186473,6200,100,3.2,561,9,98,0,0,9.963243587,7.464506066,6.849291819,6.851923777,6.87111002,6.992782265,6.761404069,6.22350054,4.815156541,1.984868821,50.41412266,7.86,1.173860229,2.054357273,15.8138,1.2809,1.6083,0.87,0.5746,1.6051,8.1541,0.0257,4.8443,0.0867,3.0787,0.1605,0.061,0.0353,0.8315,1.3194,25.1782,0.2857,26.7,2.5,0.6267,11.5653,15.297,0.6409,2.6919,5.7257,0.1424,0.0712,3.6177,9.8846,1.524,0.11,0.0204,8.3374,1.5444,0.4931,0.0041,0.0326,high_gni
0.002259824,europe,italy,56.54415147,35.08135061,229756,5.1,2482526,2650533,32790,93,93,85,99.5,100,100,0.005065322,19700,80,2.9,1378,18,150,0,0,4.055174479,4.434353386,4.650130703,4.932166861,5.42855167,5.891156121,6.405293548,7.584014241,6.255814124,0.021292655,51.38656287,31.036,-0.43840511,0.228862828,21.8727,5.3931,1.3598,1.0529,0.7327,0.2541,8.7134,0.0198,5.9146,0.0627,0.4753,0.0858,0.0099,0.0297,0.1056,1.4324,24.127,0.2277,22.9,2.5,1.4624,12.5657,16.2999,0.7951,1.9878,5.0121,0.0994,0.0142,4.4299,9.1722,1.2069,0.1827,0.1405,8.0191,0.178,0.5996,0,0.0141,high_gni
0.00090721,north america,jamaica,48.62651083,13.582827,18934,11.5,79033,38911,5010,91,91,91,81.8,93.8,97.5,0.193707567,520,100,13.5,539,43,56,0.8,0.5,7.07232995,9.51482426,9.363501001,8.519242728,7.7219075,7.104761261,6.71099397,6.210457707,3.541976872,0.197815357,50.20149749,45.212,-0.31408239,0.622224289,23.0867,6.1721,2.2375,0.3242,1.2204,0.4322,9.5156,0.1081,5.7081,0.1462,3.4389,0.089,1.4302,0.2161,0.3496,0.1398,18.1732,0.2924,24.4,8,1.3423,9.4685,16.1255,0.8707,2.5757,3.8999,0.1451,0.8163,9.269,4.5892,1.0339,0.103,0.048,5.7515,0.9266,0.3226,0,0.0343,mid_gni
0.000144843,asia,japan,64.46694702,43.32390431,508181,5.7,4302368,6375081,36680,96,96,96,100,100,100,0.007484588,13400,67,2,2093,56,98,0,0,3.942580673,4.472056199,4.592588564,5.136182392,5.60999222,6.186556161,6.329579543,7.370960778,6.699288623,-0.136430274,51.36534327,6.502,-7.216006636,0.375046485,19.4516,1.9098,1.8642,3.1241,3.2666,0.1881,7.8331,0.0285,3.2096,0.1026,2.9816,0.0342,0.1425,0.0513,0.8266,0.6499,23.4308,0.3478,4.4,2.5,2.4472,10.1594,19.6329,2.3174,0.8713,3.6522,0.1298,0.2039,4.4679,6.7482,1.2792,0.2541,0.0058,4.1058,4.9835,0.6699,0.0462,0.0289,high_gni
0.001666064,asia,jordan,64.77538658,6.23823234,99303,11.7,170608,22338,4680,99,99,94,98.6,96.9,97.8,0.203553824,490,100,15.4,3176,110,70,0,0,12.94879846,9.985392115,9.069626421,8.383139484,7.975829658,8.071326048,6.730583697,5.840725207,1.705125821,2.377946955,48.79202143,16.321,0.966490303,2.655578683,12.2622,1.8696,3.7391,0.5224,0.3189,0.198,5.8122,0.0385,3.6512,0.088,2.5074,0.2584,0.1155,0.055,0.5994,0.9018,29.0553,0.2694,33.4,12.2,0.0553,6.0796,22.0892,0.2211,1.308,2.8924,0.0737,0.0921,6.9823,8.6035,1.1422,0.0072,0.0289,4.7826,1.0636,0.6295,0,0.0145,mid_gni
0.001038011,asia,kazakhstan,50.27004132,10.12179375,189071,6.4,527154,138289,11580,98,98,99,97.5,92.9,99.4,0.033697791,3000,100,12.6,4935,45,126,0,0,10.38733297,6.055677461,8.20922079,9.37821067,7.527032041,7.947595288,6.805537526,6.456569928,4.432279141,1.463577578,51.70524906,46.753,1.555584002,1.38286199,23.4158,3.0343,1.7405,0.8975,0.1321,0.1787,9.674,0.0389,9.5031,0.1748,0.6488,0.0078,0.0272,0.1088,0.9946,0.7654,21.7258,0.3497,21.3,2.5,1.5175,14.1114,14.6746,0.1408,1.627,5.1001,0.2503,0.0313,4.1302,7.7441,1.8617,0.2369,0.2053,12.8645,0.4264,0.4422,0,0.0316,mid_gni
0.000116785,africa,kenya,80.86946228,5.068765687,730983,2.4,714815,109835,1340,89,89,75,30.1,63.2,81.6,2.353192765,42,100,35.5,53749,8000,90,12,2.6,15.42628704,10.26317692,9.143314492,8.738523442,7.460064997,7.476954905,5.705362634,4.103421276,1.853580664,2.610792416,50.01783702,74.378,2.041014301,4.283431046,17.7332,1.8742,9.9701,0.3438,0.2773,1.0757,6.5654,0,8.4951,0.1885,1.6746,0.8429,0.0555,0.2551,0.0665,0.5989,17.5003,0.2107,6,29.4,0.6828,5.9101,26.3951,0.1648,1.3892,1.8837,0.1413,0.0235,3.6732,3.2964,0.6122,0.1724,0.0411,5.4114,0.4434,0.4681,0,0.0411,low_gni
0,oceania,kiribati,63.00039147,6.037320033,1318,18.6,3076,342,3230,87,87,84,39.7,66.9,87.3,0.33676399,300,25,43.6,123,3,84,35.9,19.7,12.67741539,10.23175845,8.993140231,8.586115546,7.321181073,6.888712471,5.901857927,5.000087721,2.561448446,1.752455198,50.70047944,55.696,1.517484686,2.048628529,10.5699,0.7467,1.956,0.265,3.0833,0.3517,6.1955,0.0434,0.2553,0.0193,28.5639,0,0.0145,0.2409,0.0193,0.8094,7.2939,0.1397,45.6,2.7,0.1145,5.9555,16.9993,2.6014,1.8815,2.6832,0.0164,0.0164,7.9188,2.1924,0.5399,0.0338,0.0473,0.602,4.1328,0.0676,0,0,low_gni
0,asia,north korea,44.31443847,13.76678713,181463,4.4,1097629,240588,13410.2027,96,96,98,81.9,99.7,99.9,0.152171014,660,88.875,19.7,7440,300,105.4117647,0,0,6.644818258,7.412953362,7.663312137,7.193273941,6.993259177,7.533566086,5.757551738,8.521291697,3.167806654,0.512315385,51.10470681,39.125,0.104209748,0.775491111,11.4709,0.0262,7.2234,1.6911,0.5375,0.6424,8.7179,0.0131,0.4195,0.0918,0.9832,0.6555,0,0.3146,0.0393,0.0262,27.5957,1.0357,7.1,47.8,1.4282,3.1273,29.9926,0.4186,1.6991,2.0438,0.0492,0,0.8619,4.5802,2.0192,0.0287,0,0.3348,1.8464,0.0287,0,0,high_gni
0.000111129,asia,south korea,37.211136,18.01159369,219503,7.2,2116640,981247,27440,98,98,98,100,89.77070064,99.7,0.013810106,7200,100,2.9,1329,50,90,0,0,4.370227047,6.167533605,6.551304744,6.092643526,7.193380644,7.613950262,7.523452758,8.266416416,5.539023775,0.38220175,50.3016129,17.526,-0.266161302,0.520524298,20.0483,4.2523,1.8403,1.3524,1.9147,0.1766,11.186,0,1.1386,0.1534,1.8914,0.0186,0.0372,0.0325,0.237,1.2036,23.7197,0.6924,4.9,2.5,2.0481,9.3351,20.5847,1.6325,1.1279,4.6453,0.1633,0.0594,5.2983,6.6934,2.4488,1.0359,0.1804,1.644,2.9221,0.2268,0.0618,0,high_gni
0.000634103,asia,kuwait,32.09031154,2.602326241,32929,20,112021,3413,40930,99,99,93,100,99,99,0.009696384,10300,100,7.3,507,3,70,0,0,9.994377606,6.113928822,8.992078814,11.77331725,12.80809578,15.08834469,10.48520853,8.177623105,1.503213676,3.636495117,43.82396204,1.658,2.676081111,3.652766507,19.8923,2.1588,3.0847,2.3242,0.3732,0.3496,9.5706,0.1086,5.2766,0.189,1.3416,0.1984,0.5385,0.0472,1.5353,1.181,21.215,0.5055,37,2.8,0,9.1727,20.4209,0.3048,2.5109,4.1655,0.1306,0.3774,6.1393,5.762,1.7271,0,0.025,6.6516,0.4758,0.6211,0,0.005,high_gni
5.47E-05,asia,laos,62.81394297,6.204166845,81473,3.6,144327,21039,1730,89,89,88,70.9,75.7,85.6,0.665026487,150,100,50.7,8751,350,105,23.3,1,12.01181258,10.86813426,10.95318722,9.123407269,7.102945976,7.089505064,5.772361888,4.976973362,2.273337245,1.671083305,50.23057111,61.386,-0.045756614,4.462568479,21.6306,3.9594,9.0989,0.4974,1.6871,0.8777,15.0283,0.0878,0.2243,0.2243,5.6076,0.1365,1.0435,0.3121,0.078,0.0683,9.762,1.1118,4.5,16.5,1.1323,4.7916,29.488,0.7877,4.1516,2.9865,0.1313,0.3446,1.5425,1.4605,2.0348,0.0541,0.1082,0.2644,1.8629,1.941,0,0.006,low_gni
0.002309901,europe,latvia,52.1836352,29.47461374,7565,5.4,67525,75319,14900,95,94,96,87.8,99.3,99.8,0.028839133,3500,80,6.9,109,4,112,0,0,4.316590609,3.604925585,5.69669568,6.697808653,6.083563913,7.544441863,5.971985339,6.565789634,6.730813408,-0.77246822,54.12389628,32.618,-0.652725886,-0.83038119,30.439,10.443,1.5314,1.343,0.8819,0.2526,9.7976,0.0361,7.8613,0.1122,0.6334,0,0.0321,0.1323,2.0044,0.8819,13.7943,0.2606,25.7,2.5,3.0614,15.4174,14.7546,0.8364,1.1835,4.8919,0.1578,0.0316,4.0713,4.7972,1.3413,0.6062,0.7346,10.449,0.3493,0.6627,0.0051,0.0257,high_gni
0.001558605,asia,lebanon,47.33769414,11.98690498,49884,13,143369,49640,7930,81,81,79,80.7,99,99,0.027270065,3700,100,7.1,726,13,70,0.2,0.2,7.814810313,9.827986542,10.412765,9.877536472,8.637346019,7.80247532,6.780442646,5.511442497,3.401913458,4.164439343,49.77511403,12.208,3.170159444,4.303486202,12.4024,2.1637,2.253,0.329,0.3681,0.58,5.1361,0.039,4.3553,0.0502,2.8385,0.2175,0.0836,0.1171,0.725,2.911,27.4593,0.3736,31.3,11,0.3473,5.4012,21.3268,0.2779,2.0841,2.1362,0.0521,0.0868,6.6342,7.5547,1.5283,0.0517,0.0443,5.4607,1.2636,0.7389,0,0.0148,mid_gni
0.000311472,africa,lesotho,67.26589284,6.928653802,29425,3.9,29472,10180,13410.2027,93,93,90,30.3,81.8,94.6,1.627138773,61,100,69.2,4317,300,84,32.5,3.6,12.80930993,11.47844603,10.82590538,9.787460573,8.004102956,8.763170968,5.28218488,3.337361477,2.553867528,1.216964474,50.50285196,72.688,0.500054497,3.15037158,12.96,0.529,18.3763,0.2415,0.253,0.1495,9.1881,0.046,2.4149,0.345,0.782,0.4025,0.391,0.184,0.1495,0.0345,16.3523,0.1725,13.5,13.1,0.767,3.7037,34.6044,0.0877,0.4602,2.3011,0.2192,0.1753,2.7175,2.7613,0.3726,0.2653,0.0078,1.7948,0.3043,0.0624,0,0,high_gni
6.37E-05,africa,liberia,82.87271056,5.50708842,71191,2.3,83947,7063,380,52,52,64,16.9,75.6,88.6,3.552588187,28,100,52.8,7974,1100,90,47.8,27.3,15.36369062,10.50136481,8.627967853,7.634702591,6.706085082,6.7288015,5.602864916,4.614927274,1.94328279,2.402005282,49.59861777,50.299,1.62370873,3.195882079,7.4228,0.4154,3.3592,0.2528,0.3702,0.1445,6.0051,0.0361,0.2438,0.1355,1.5803,0.0361,0,0.307,0.1174,0.3883,36.4186,0.1896,8.6,37.2,0.7505,2.7908,25.2814,0.258,1.6886,2.0872,0.1173,0,1.4775,8.3724,0.469,0.0752,0.0251,0.3258,1.6416,0.0501,0,0.0125,low_gni
0.002538314,europe,lithuania,50.06602969,28.28412003,15648,4,105715,113672,15000,93,93,94,92.4,96.6,99.7,0.015863899,6300,100,3.3,107,3,126,9.441721854,2.777124183,4.764786742,4.985497355,6.403183178,5.939420474,5.292547798,6.411819746,5.625609642,6.689759298,6.535815577,-0.7588483,53.95922395,33.492,-0.717040951,-0.779894972,32.3048,9.388,1.7819,1.9226,1.238,0.3283,14.2134,0.0094,5.4302,0.1125,0.8441,0.2345,0.197,0.061,0.3423,0.9238,12.7128,0.2579,28.4,2.5,3.3192,15.4409,15.7187,0.9651,1.1698,5.7757,0.1316,0.1608,6.1705,3.5093,0.9943,0.5273,0.2077,13.0577,0.3435,0.4194,0.004,0.02,high_gni
0.001606176,europe,luxembourg,43.70940115,20.0926316,3209,4.7,22235,14647,77000,99,99,99,97.6,100,100,0.015479765,6500,100,1.5,10,1,112,0,0,5.462043576,5.853200942,6.16966672,6.914104674,7.97182251,7.800361892,7.353404485,7.613586081,5.093895467,2.372590743,49.81308741,9.84,-0.512456637,2.692559526,32.4517,6.4786,1.8437,1.6645,0.6987,0.3256,16.3118,0.0658,7.2286,0.0658,0.6402,0.0146,0.1646,0.0329,3.3838,0.128,10.6855,0.2634,24.2,2.5,5.1574,17.4063,11.979,0.8246,2.069,7.961,0.1049,0.1649,4.048,3.8681,1.3043,0.594,0.2452,10.6124,0.3253,2.5364,0.0047,0.0189,high_gni
4.24E-05,africa,madagascar,80.33338854,5.117531427,394101,4,454237,52158,420,69,69,58,12,51.5,81.6,1.669817898,60,100,35.9,29429,2900,98,39.8,17.9,15.32619009,11.13961087,9.386938737,7.724022744,6.058053988,6.107588512,5.574170638,4.655922864,1.892037714,2.776657016,50.14538243,64.895,1.79985523,4.60788278,19.0932,1.7454,10.0681,0.3406,0.745,1.2984,11.5581,0.0213,4.4274,0.298,1.5113,0.3193,0.2554,0.9153,0.1916,0.2129,15.8791,0.1916,4.5,44.4,0.289,3.5208,31.2401,0.2627,1.4714,1.8129,0.1314,0.0788,2.207,1.7341,0.289,0.0931,0.0349,2.3169,0.1746,0.3842,0,0,low_gni
0.00013732,africa,malawi,94.54637854,6.695107838,299688,3.6,215030,41648,350,88,88,87,41,90.2,95.7,3.452414187,29,100,43.4,27260,4200,56,4.2,1.3,16.93336864,11.03278977,9.570246287,8.184852748,6.331699986,6.425102766,4.863809822,3.458467711,1.622398813,3.06701458,50.08454722,83.728,2.864181484,4.117252286,18.8711,2.6263,13.0891,0.2753,0.6672,1.3767,14.6458,0.0106,0.4024,0.2542,5.6232,0.7519,0.0529,1.3555,0.0318,0.2012,8.4189,0.2224,4.7,17.5,0.3588,4.0038,23.3428,0.3399,3.0784,2.9084,0.1322,0.0378,1.5297,1.322,0.5855,0.1544,0.0956,0.2646,3.2713,0.0809,0,0,low_gni
0.001038113,asia,malaysia,44.736656,8.526226077,259123,17.9,838622,154514,10570,99,99,93,96,98.2,100,0.08150627,1200,100,6,3308,200,60,0,0,8.335222046,9.165144587,10.08172571,9.690428893,8.515871852,8.887541187,6.747370245,6.132094338,3.300358633,1.424525514,48.39832622,25.295,-1.285987192,2.359206905,17.1723,1.4813,2.2933,2.7596,1.8599,0.1756,9.8041,0.0713,1.2289,0.0329,1.7502,0.0658,0.6584,0.0329,0,0.3731,27.174,0.2359,15.3,2.5,0.2063,8.7831,21.5194,1.7532,0.9969,4.0908,0.0344,0.7219,7.0299,7.5284,1.0141,0.0824,0.0634,1.527,0.6273,0.1901,0,0.0063,mid_gni
0.000640332,asia,maldives,47.44842249,6.931656426,3659,9.2,10763,1474,6670,99,99,99,97.9,98.6,99.5,0.166768374,600,100,7.4,58,5,60,0,0,9.805835953,8.731866071,10.39825694,11.17380992,9.889679519,9.325152029,7.334105577,6.06872966,2.102708368,2.015218235,49.8519209,54.464,0.120334256,4.329823068,29.7398,4.8409,4.5092,3.2756,8.4068,0.4665,5.836,0.4561,7.3909,0,1.3683,0.0518,1.1713,0.0622,1.7207,4.9756,4.9549,0.5183,7.9,10.3,0.3552,12.1226,22.5577,4.4183,2.1314,1.8872,0,0.6883,5.373,0.9325,1.532,0.0367,0.0612,4.8394,0.3793,0.52,0.0061,0.0061,mid_gni
3.75E-05,africa,mali,100.1835351,5.043939344,338853,2.2,269830,24779,790,68,68,76,24.7,77,96.5,3.740890877,27,100,74.5,53880,4400,98,9.5,2,18.47366909,10.43261713,8.541797571,7.021155699,5.981775797,6.100753093,5.009773948,4.04332574,1.64165157,2.96208132,49.51792912,60.084,1.683757231,4.917641152,17.4631,1.2195,12.0873,0.1327,0.4065,0.2987,5.6745,0.0249,9.7146,0.3152,3.3765,0.5475,0.1244,0.1327,0.0332,1.3357,14.1945,0.3816,7.1,6.3,0.6497,5.7446,32.9116,0.2394,0.8719,1.7439,0.171,0.1197,1.7781,2.5645,1.0429,0.2414,0.0177,5.6769,1.2131,0.1237,0.0059,0,low_gni
0.001103556,europe,malta,50.78462835,29.02303371,1862,9.9,13641,9531,13410.2027,97,97,89,100,100,100,0.01207357,8300,82,5.1,19,0,126,0,0,4.305956017,6.568367162,6.935681864,5.125277151,5.354610941,7.499424449,7.897741871,6.847659558,6.310485598,0.924430449,50.20039649,4.593,-1.865287235,1.060713351,29.3856,6.6557,4.8786,1.3878,1.3074,0.2666,10.6541,0.0169,9.3298,0.0508,1.4978,0.0804,0.0804,0.0296,2.6783,1.172,9.3975,0.5162,31,2.5,1.9506,14.2031,15.8937,0.9392,1.5749,5.2883,0.0578,0.0722,7.5278,2.8464,2.0517,0.2579,0.0688,9.1968,0.5802,0.6188,0,0.0215,high_gni
0.000212904,africa,mauritania,76.13809182,5.653954611,61403,2.3,82356,8586,13410.2027,73,73,70,40,57.9,58.4,2.744005782,36,100,65.1,8523,810,98,34.6,11.6,14.62858704,10.37385014,8.967514077,7.761001552,6.727590246,6.834341339,5.858867578,4.954267727,1.965822159,2.437266267,49.68042298,40.141,0.943768668,3.45143642,17.4021,1.7485,4.3092,0.4337,0.5369,0.0895,5.7479,0.0688,8.646,0.2822,0.5025,0.3373,0,0.0207,0.1652,0,26.9567,0.1514,11.3,10.4,0,7.3716,26.6186,0.3343,0.6334,2.1992,0.2111,0,6.3512,6.0873,0.5102,0,0.0188,7.9737,0.3257,0.5951,0,0.0063,high_gni
0.000622522,africa,mauritius,40.61770867,13.44739219,6866,22.3,43378,14189,9610,97,97,99,93.1,99.9,99.9,0.077892962,1300,100,11.8,167,7,84,0.1,0,5.374698737,7.504372481,8.058090758,7.228599673,7.039112561,7.198640038,7.891882161,6.801516518,5.328452087,0.132433083,50.60987487,60.329,0.369717307,-0.227337183,12.8934,1.4559,3.2471,0.7355,1.0457,0.1501,6.7594,0.1001,2.8418,0.055,1.566,0.2502,0.3452,0.025,0.9856,0.2702,29.9945,0.1751,11.5,6.5,0.8473,7.3381,23.1974,0.8153,0.9273,3.2294,0.0639,0.2878,4.6203,8.4732,0.9113,0.2315,0.0508,5.7538,0.7849,0.3783,0,0.0169,mid_gni
0.002357381,north america,mexico,51.6816002,9.809232515,1151664,15.8,3746281,1143311,9710,87,87,97,85.2,96.1,97.2,0.088861104,1100,100,11.3,26820,890,84,0.8,0,8.901209114,9.190936926,8.766743765,8.181249208,7.763908004,7.723971564,7.431544226,6.886343688,3.225467123,1.292705197,50.2575753,20.754,-0.023638052,1.640329232,23.7741,3.2525,6.4604,2.2807,0.4661,0.5305,13.2133,0.005,4.3433,0.2182,1.185,0.238,0.2529,0.0248,0.2033,0.7437,16.3419,0.2429,28.4,3.6,1.196,10.2729,21.5118,0.4293,1.6713,5.0445,0.2453,0.23,6.9917,4.4772,0.8433,0.2784,0.0107,5.6906,0.6906,0.0803,0.0428,0.0214,mid_gni
0.002890987,europe,moldova,34.57382903,13.40077644,20347,7.1,110217,53540,2220,87,86,89,76.4,88.4,96.9,0.031495426,3200,100,13.6,587,10,126,0.1,0,5.102558496,5.635535187,7.709989125,9.887564729,8.294881588,9.381555623,7.224952888,6.400736759,7.232051672,-0.063201891,51.93146939,55.005,-0.190410739,0.092527113,26.5244,6.8551,2.557,1.5517,0.6921,0.2987,9.7764,0.0656,7.5326,0.1238,0.2841,0.0291,0.0146,0.0874,0.8305,0.1093,18.8388,0.357,20.1,11.22675159,2.0672,12.299,21.3823,0.4803,1.1485,3.6542,0.167,0.0209,4.6356,4.7818,1.1693,0.3236,0.2052,9.0285,0.1026,0.2525,0,0.0158,low_gni
0.000695812,asia,mongolia,47.64877847,5.970648213,34598,5.4,90518,12599,3830,99,99,98,59.7,64.4,66.4,0.125374056,800,100,19,1348,30,120,8.8,1.4,11.17082392,7.575207026,8.959665412,10.29768298,8.404383103,8.900372007,7.550715182,6.915064826,2.525537432,1.678790766,50.50041668,27.96,-1.20486063,2.820776199,36.9018,5.5153,2.7445,0.593,0.0315,0.042,21.0223,0.0525,9.0628,0.6717,0.1259,0.0105,0.0052,0.042,1.6373,0.0787,8.2231,0.1417,19.6,13.4,1.5398,20.3754,18.7724,0.0211,0.3375,10.5674,0.8015,0,2.9319,2.9319,0.7382,0.2367,0.1092,9.7706,0.091,0.4005,0,0.0182,low_gni
0.003873789,europe,montenegro,47.71037386,20.15511787,3326,10.5,19864,10623,7240,89,89,64,95.9,99.7,100,0.01204346,8300,100,4.3,30,1,45,0.1,0,5.614556022,6.502827179,6.557159554,6.391951227,7.272641122,7.660141457,6.924850744,6.699624096,6.753324699,0.092911264,50.58798525,35.974,-0.444748212,0.396277128,32.7855,3.8887,3.7312,1.1566,0.3473,0.3688,14.7778,0.1003,12.5363,0.0752,0.5837,0.0788,0.043,0.0251,2.5531,0.8415,8.6332,0.2578,24.9,2.5,1.4078,17.6268,16.1184,0.3591,2.3416,6.9674,0.1437,0.0431,4.7694,3.0599,1.0918,0.1588,0.0882,14.9495,0.3221,0.8207,0.0044,0.0176,mid_gni
0.000431939,africa,morocco,50.12828426,9.260271202,343753,8.1,1023570,221680,3040,99,99,99,76.7,85.4,98.7,0.311359167,320,67,23.7,17043,850,98,9.1,0,9.574242878,8.346781593,8.796861466,8.587375139,8.435450681,7.926152657,7.300914232,6.495738185,3.451969598,1.336232449,50.58029652,39.805,0.09785575,2.163635826,15.4227,3.5807,7.1539,1.1517,1.2329,0.7014,6.9989,0.0074,2.2296,0.2289,0.7309,0.1477,0.3987,0.096,0.1993,1.9048,22.9457,0.2953,25.6,3.4,0.0888,4.8669,29.4675,0.6213,2.0562,2.0858,0.1183,0.2219,5.4142,4.068,1.0799,0.0204,0.0255,2.5342,0.0816,0.3518,0,0.0051,low_gni
7.17E-05,africa,mozambique,94.7503396,6.52158584,504675,2.6,482325,72789,580,80,80,85,20.5,51.1,80.6,2.530774161,40,100,56.7,60138,5300,60,39.5,13.1,16.70160903,10.76285125,8.860912949,7.208533348,6.063872521,6.123677394,4.870342461,3.916253478,1.905725421,2.759841364,51.15352448,67.786,2.347628644,3.632825647,11.591,1.1197,8.8101,0.5537,0.849,0.1846,6.8783,0.0369,2.0795,0.1107,1.1936,0.7014,0.0246,0.849,0.0984,0.8244,25.5199,0.16,6,27.9,0.3688,2.9074,21.957,0.4556,0.8679,1.3886,0.0651,0,2.148,3.9705,0.4339,0.1562,0,1.562,0.6248,0.2831,0,0,low_gni
0.001477532,africa,namibia,67.266778,5.896374502,36152,4.2,53818,7658,5210,92,92,85,34.4,91,98.2,0.984469885,100,100,32.8,2447,190,84,48.5,20.3,13.30423235,10.53705027,10.02890554,8.595038834,7.114264026,7.00500005,6.130223875,5.179225414,2.181464642,2.302676484,51.32693191,53.34,0.478367602,4.429761671,16.7373,3.3171,6.802,0.2718,0.6075,0.2798,7.7772,0.0959,4.548,0.2078,0.8792,0.4316,0.4236,0.5915,0.5995,0.1199,22.9078,0.1359,15,27.3,2.4054,6.5173,18.7294,0.4523,1.1308,2.8577,0.1645,0.2673,5.7155,5.222,0.4523,0.386,0.0483,4.6244,0.4745,0.2493,0,0.0241,mid_gni
0.000406612,asia,nepal,61.84173909,8.977577299,258208,3.7,671488,109530,730,91,91,85,45.8,91.6,90.9,0.647685538,150,100,29.4,16144,1500,52,31.6,5.6,9.270407998,10.94698946,9.716995613,8.60388095,7.497930902,6.062177088,6.564026904,5.487075522,3.123105935,1.195940957,51.54444355,81.385,0.739897275,3.214560446,12.1853,3.3076,7.1664,0.4361,0.1563,0.5513,2.7069,0.0082,5.4139,0.1563,0.4525,0.5513,1.1437,0.1975,0.2468,0.5019,26.2136,0.6006,3.8,8.7,0.1395,3.767,30.7115,0.0872,1.4475,0.872,0.1046,0.9069,0.9069,4.918,1.5347,0.0407,0.0271,3.7648,0.1628,0.1018,0.0068,0.0068,low_gni
0.001263069,europe,netherlands,53.26548811,27.94101704,87421,5.5,653878,475409,48940,95,96,95,97.7,100,100,0.011515464,8700,100,3.2,576,12,112,0,0,5.048471412,5.680229809,5.865535282,5.937517707,5.8407356,6.02452722,5.858684282,6.702682906,6.261145339,0.423129432,50.36536933,9.504,-5.560051042,1.072774581,30.1494,6.6484,1.2702,1.4787,0.7451,0.3475,10.8567,0,10.3934,0.027,0.3591,0.0309,0.1235,0.0849,0.0541,1.498,15.8449,0.2355,23.1,2.5,2.2164,16.5307,11.4822,0.7234,2.6936,5.7411,0.0616,0.1693,6.5877,5.5872,1.2621,0.3823,0.0573,13.7921,0.1864,0.3393,0.0048,0.043,high_gni
1.11E-05,oceania,new zealand,54.00824581,22.88793694,28877,7.3,161769,97063,40080,92,92,93,73.56153846,100,100,0.021991303,4500,47,4.7,280,7,112,9.441721854,2.777124183,6.495845432,6.476799071,6.894177817,6.291302205,6.224488782,6.005630957,5.948338151,7.220600474,5.49748791,1.889045125,51.12928578,13.716,1.648649569,1.927312501,34.1264,13.9753,1.3271,1.2111,0.6485,0.3049,13.9409,0,4.2948,0.0601,2.0228,0.0773,0.0859,0.0687,0.0945,1.3357,10.2689,0.2835,32,2.5,1.6474,15.1117,14.4781,0.6653,1.6632,6.8747,0.095,0.1109,8.8706,3.3581,1.1088,0.3023,0.1539,4.4303,1.2917,0.3463,0.0055,0.011,high_gni
3.57E-05,north america,nicaragua,54.12985765,7.83805249,57689,9.2,152158,42897,1940,98,98,99,67.9,87,99.3,0.370522099,270,100,18.8,2251,180,84,7.3,2.5,9.60072424,9.472549001,9.391746397,9.114417072,8.449449249,8.376960033,7.25517897,6.080460847,2.926305885,1.126323245,50.70770756,41.221,0.352985214,1.672245574,17.9935,2.3309,9.2369,1.008,0.4174,0.1339,7.6069,0.1102,6.5123,0.1102,1.9214,0.4646,0.0079,0.1024,0.4252,0.0315,19.3952,0.1811,21.8,17,0.6658,6.3344,25.0904,0.2283,1.2174,2.4729,0.1141,0,7.8181,4.1469,0.5326,0.0907,0.0302,5.9264,0.9902,0.0832,0,0.0076,low_gni
1.38E-05,africa,niger,112.9728005,5.494844921,446755,2.2,299375,23824,390,65,65,73,10.9,58.2,100,4.369930371,23,100,57.1,54226,5400,98,72.8,14.3,20.58015403,10.3453761,8.080991169,6.43192757,5.324031038,4.901589416,4.494271256,3.696152925,1.51044102,4.026868931,49.60000744,81.268,3.703769099,5.440840744,10.9769,2.6573,12.436,0.058,0.1353,0.2416,3.6332,0.0097,4.3193,0.1836,13.4216,1.4398,0.3479,0.0483,0.029,0,10.5904,0.4445,4.7,16.5,0.0194,3.4122,31.0585,0.0775,0.8337,1.0857,0.1163,0.1357,0.6786,1.8806,1.6673,0.0061,0.0244,3.474,4.1028,0.0549,0,0,low_gni
1.66E-05,africa,nigeria,87.70842622,5.137053492,3236347,2.3,3161186,188919,2820,56,56,54,29,68.5,80.8,4.508853294,22,50,69.4,484368,58000,84,25.1,15.5,16.97064629,10.2604216,8.63951211,7.474291326,6.492841333,6.540061074,5.448806489,4.408791195,1.835892745,2.628044353,49.07357254,52.224,1.043694819,4.389106777,5.0182,0.8078,7.1082,0.5755,0.5957,0.3433,2.4838,0.0101,0.4645,0.0909,4.3922,0.4241,0.4746,1.2621,0.0404,0.2322,30.1494,0.5452,7.8,13.4,1.2178,1.6237,21.5953,0.345,1.441,0.6901,0.0406,0.4059,1.6034,5.3379,1.096,0.456,0.0089,0.5991,3.0135,0.0179,0,0,low_gni
0.003829771,europe,north macedonia,41.39453471,17.42379251,12015,10.3,74439,28899,5140,91,89,89,90.9,99.4,99.8,0.01177133,8500,100,4.8,119,2,270,0.7,0,5.386936041,6.382047187,7.048743872,7.291605792,7.735271886,8.166916349,7.36834441,7.034181737,6.343055155,0.136155385,50.2201878,42.896,-0.038576051,0.26761309,19.642,7.1263,1.9013,0.7305,0.2371,0.4112,6.5409,0.0435,4.8476,0.15,2.0174,0.1355,0.4886,0.0774,1.7078,1.1708,21.6642,0.745,23.9,3.2,0.9837,9.4365,16.6889,0.1834,2.1507,2.9843,0.1834,0.3334,6.3021,6.6022,2.7342,0.2603,0.0558,9.0796,1.159,0.9049,0,0.0248,mid_gni
0.000251159,europe,norway,52.21039452,24.8604131,29699,6,183026,137927,93820,95,95,95,98.1,100,100,0.008699159,11500,88.875,2,122,3,105.4117647,0,0,5.926540593,6.135421472,6.68418812,6.78139777,6.545991107,6.909734974,6.298906913,7.103651239,5.415629255,1.135948168,49.62923388,19.527,-0.212073913,1.465807399,27.2211,6.4445,1.9601,1.0645,1.5545,0.4055,10.6992,0.3244,7.4043,0.0541,1.7032,0.0912,0.0473,0.0473,1.6796,0.8888,15.4642,0.1656,25,2.5,1.7142,15.5904,14.0092,1.5516,1.862,5.6746,0.0739,0.0591,4.1673,5.9997,0.8423,0.3223,0.3132,9.7681,1.1075,1.0894,0,0.1135,high_gni
0.000916593,asia,oman,30.04213842,3.356449472,39049,14.8,55463,9304,16920,99,99,99,96.7,93.4,95.5,0.053938541,1900,100,9.9,804,14,50,3.3,2.7,12.41175093,7.39579103,11.71528275,12.66427852,10.86146434,17.31163385,8.451803476,4.672686409,1.902423021,5.834030073,33.66886083,22.359,3.784410643,6.432153628,23.6146,2.3712,3.7744,1.4422,0.929,0.7926,9.0171,0.0325,9.6407,0.2144,1.1174,0.1689,0.7276,0.039,1.0979,0.6107,17.4495,0.5782,22.9,6.8,0.0853,10.0478,19.7544,0.7847,6.8918,3.3095,0.1365,0.5118,4.5036,4.06,1.7059,0.0294,0.0294,8.6221,0.2819,0.3759,0,0.0059,high_gni
0.000153146,asia,pakistan,65.29531816,7.425695341,2437120,8.1,4085175,581126,1440,72,72,61,63.5,91.4,93.9,0.693444091,140,100,65.8,350600,9700,84,13.3,0.6,12.92147686,10.15000005,9.719253421,8.947293964,7.417964824,7.280166242,6.132904455,5.113650297,2.154286071,2.075426376,48.62915563,61.242,1.335218332,3.256323046,24.8245,8.9701,4.2124,0.6203,0.0818,0.1227,3.4967,0.0068,11.5125,0.1431,1.0906,0.2726,0.2249,0.0341,0.0204,0.1909,18.8603,0.075,7.8,20.3,0,11.474,23.3348,0.0645,0.6446,1.5471,0.1289,0.2793,5.2213,5.2858,0.4942,0,0.0604,14.6868,2.3547,0.3019,0.0226,0.1132,low_gni
0.00189049,north america,panama,53.36680557,11.70538236,36303,9.8,119275,38435,12050,73,73,90,75,94.7,97.7,0.239530168,420,100,14.6,1097,71,98,3.4,0.8,9.201536592,8.621716535,8.102986576,7.864852575,7.484175011,7.589377278,7.215266298,6.823411849,3.421351729,1.580347373,49.8684318,33.408,0.686311228,2.031897809,25.9557,9.1864,3.8355,0.8991,0.8614,0.5722,9.1046,0.132,5.7281,0.1823,1.4273,0.1509,0.0377,0.0566,1.0375,0.4339,16.2412,0.1258,22.5,10,1.8134,10.7042,21.2852,0.5986,2.3944,3.9613,0.1937,0.0352,6.1972,4.0317,0.4577,0.4278,0.1006,7.3725,1.3776,0.3208,0.0126,0.0315,mid_gni
0.002503945,south america,paraguay,56.62760289,9.429708207,65153,9.7,151471,43669,4220,93,87,83,88.6,98,100,0.36827506,270,50,17.5,2366,190,63,0,0,10.10068205,10.26484122,9.78049827,9.094687243,7.941689243,8.009940857,6.291443081,5.035233977,2.981776436,1.31304732,49.25344808,40.334,0.695137121,1.732925852,19.8084,3.8811,4.9807,1.5622,0.1742,0.3974,10.2335,0.0272,3.7069,0.2558,2.0576,0.2123,0.0218,0.5552,0.5334,0.0163,21.2672,0.1198,19,10.7,1.8252,9.3813,15.8241,0.146,1.1316,4.5811,0.3285,0.0183,5.0192,6.2968,0.6023,0.4165,0.1458,4.665,1.201,2.5824,0,0.0069,mid_gni
0.006459895,south america,peru,53.18806328,10.45530635,301130,6.9,906201,271461,6200,90,90,92,76.2,86.7,91.4,0.17447182,570,100,13.1,8164,420,90,5.2,1.1,9.41753215,8.610963551,8.779161059,8.534496823,7.719229561,7.858549817,7.176244472,6.329487539,3.304606942,1.294398755,50.04852969,21.391,-0.208906397,1.70741863,18.0402,1.1055,5.5879,2.1206,1.9497,1.6382,6.8241,0.0302,5.608,0.4322,2.5628,0.603,0.0704,0.6834,0.4523,0.2312,19.6482,0.4523,19.1,9.7,1.5529,5.7963,21.2893,0.8848,3.485,2.0224,0.2709,0.0361,4.2615,3.1239,1.1195,0.2423,0.0064,3.4173,1.7469,0.5802,0,0.0128,mid_gni
0.000511463,asia,philippines,57.55023434,7.21524173,1110380,6.9,2668961,380078,3540,60,60,82,73.9,91.8,93.7,0.35203815,280,100,22.2,52300,2700,60,7.3,3.4,10.98518389,9.82141803,9.458701122,8.079836447,7.182242996,7.193956155,6.568594174,5.868613964,2.816458265,1.562001289,49.54035623,55.627,1.768947864,1.303171882,29.7607,7.3714,3.4748,1.0544,1.6045,0.7243,18.887,0.0275,0.5684,0.2751,2.2371,0.055,0.0642,0.22,0.3576,0.7701,11.9281,0.3576,6,13.3,1.0845,7.7225,28.5153,0.9723,2.6178,4.4503,0.187,0.0748,4.0763,2.1503,0.9162,0.1914,0.3191,1.6273,0.694,0.4068,0.0319,0,low_gni
0.002554087,europe,poland,43.84267732,22.34354714,175483,6.2,1117922,1056107,13370,98,98,96,97.2,98.3,99.3,0.004522392,22100,100,4.5,1629,12,182,0,0,4.867633622,4.855812039,6.111021473,7.203261573,8.193776872,8.997542906,7.636888497,6.597727658,7.401384695,-0.032208399,51.63734946,39.461,0.04130902,-0.080100011,32.746,12.3719,1.6183,0.7141,0.4851,0.2057,13.3072,0,5.86,0.0078,0.4967,0.031,0.0427,0.1087,0.0737,0.4385,13.9747,0.2639,25.6,2.5,2.8507,14.6079,16.0545,0.5106,1.0637,6.3537,0.0142,0.0425,6.2544,4.5242,1.2055,0.7325,0.5045,6.8785,0.2619,0.3056,0,0.0631,mid_gni
0.00183164,europe,portugal,53.47967567,31.91068007,39953,9.9,392092,394377,20530,98,98,98,99.7,100,100,0.012261762,8200,88.875,3,251,8,105.4117647,0,0,3.909867461,4.988104816,5.011630929,5.305578882,6.202066921,6.523302845,7.269917552,7.723685254,6.347279192,-0.505203316,52.65089587,36.532,-2.026480188,0.381049306,26.4556,9.5983,2.1808,0.7993,1.0267,0.2825,10.3459,0.0138,4.5442,0.1378,0.4203,0.0689,0.0413,0.0586,1.354,0.7648,18.0803,0.2825,23.2,2.5,3.065,15.4111,13.9072,1.3606,2.3203,5.9439,0.1862,0.043,3.6236,6.6457,1.4179,0.2926,0.3581,7.8606,0.1528,0.6201,0.0044,0.0393,high_gni
0.002962427,europe,romania,48.88613107,25.77813849,80170,8.4,819550,524157,9500,89,92,86,79.1,100,100,0.042898204,2300,85,9.7,1614,56,126,9.441721854,2.777124183,4.467221657,5.097170108,4.76062108,6.114003821,5.998272227,6.65332272,7.516311316,7.637191838,7.380689752,-0.385442669,51.56158034,45.436,-0.761092157,-0.071555144,27.4359,6.8987,2.5519,1.5914,0.1994,0.293,7.9894,0.0366,10.6349,0.1221,0.5495,0.0407,0.4965,0.1099,0.8506,0.6797,16.512,0.4477,24.5,2.5,2.1141,13.1527,17.849,0.1703,1.7877,3.7741,0.1419,0.3263,4.0153,5.0936,1.8161,0.5856,0.0656,10.9445,0.253,0.417,0.0141,0.0187,mid_gni
0.00210047,asia,russian federation,43.0978772,19.12623695,938060,9.2,4504917,3319530,11400,97,87.47468354,98,72.2,96.9,98.9,0.044431151,2300,100,8.2,15989,450,140,1,1,5.802381739,4.010383885,5.668141216,8.086346623,7.73646125,8.989472083,7.096801524,6.655089093,7.28899848,0.192585837,53.5442083,25.992,-0.130070934,0.306152069,27.936,7.2,1.6511,1.9603,0.9415,0.2138,10.8433,0.0091,6.8453,0.1455,0.7823,0.0546,0.0273,0.141,0.4184,0.1274,18.3753,0.2638,25.7,2.5,2.0381,12.7641,16.7361,0.6992,1.1306,4.8349,0.1785,0.0298,6.8432,5.3109,1.1604,0.3436,0.0834,8.1632,0.3682,0.3534,0.0049,0.0245,mid_gni
0.000116282,africa,rwanda,78.06861621,4.967858534,163269,4.1,200913,31457,700,98,98,97,61.6,76.1,86.6,1.178849686,85,60,31.1,10445,1100,84,1.6,0.8,13.9566784,10.19574883,8.572073189,9.124460753,8.031123453,7.528555287,5.659840333,4.388737376,2.005289169,2.336558276,52.1126103,71.189,0.983182933,5.761320949,11.0727,1.0364,4.8545,0.1636,0.6364,9.6727,5.2182,0.0182,3.7818,0.2364,3.6545,2.6909,0.0545,2.1636,0.0545,0.0182,15.5091,0.2545,4.8,36.8,0.858,2.3707,9.4378,0.3161,8.8056,0.9257,0.0903,0.0452,1.4224,1.6934,0.4741,0.5486,0.0084,1.6796,2.0594,0.0506,0,0,low_gni
0.001594603,north america,saint lucia,47.32504061,13.25534355,1375,10.9,6421,2553,7390,99,99,97,90.5,96.3,99.5,0.091171389,1100,65,12.7,36,1,91,2.4,6.7,7.211375212,8.466680815,8.676782683,7.509550085,7.588073005,7.418548023,7.099957555,7.066001698,3.502758913,0.734587346,50.9408159,81.496,0.701547073,0.880235717,33.3454,3.813,1.6712,0.5249,1.5867,0.3741,22.8778,0.1629,4.3137,0.2353,2.4012,0.181,0.4163,0.0965,0.9894,0.5551,9.6531,0.1508,19.8,11.22675159,2.5564,14.6429,15.3571,1.2218,2.0113,8.9286,0.2632,0.3383,7.4436,2.6692,0.7895,0.3355,0.0578,4.795,0.856,0.2082,0,0.0463,mid_gni
0.000739983,north america,saint vincent and the grenadines,46.75944547,10.76073258,794,11.9,3170,1031,6670,98,98,99,73.56153846,95.1,95.1,0.093615673,1100,65,16.6,27,1,91,9.441721854,2.777124183,7.755854693,8.89175733,8.655725613,8.117278259,7.779826664,7.749130939,7.018255578,6.282500461,3.660335608,0.093226465,49.54230692,49.45,-0.611476258,0.787434216,24.4653,1.085,4.3274,0.7589,0.715,0.7526,17.529,0.2258,4.2521,0.1254,0.6773,0.2759,1.2919,0.1756,1.7184,0.4516,15.3904,0.2509,23.8,5.7,1.8243,10.2196,17.0777,0.5574,3.5473,6.5878,0.1182,0.5912,7.027,3.6655,0.9291,0.1677,0.028,4.8362,0.5591,0.3522,0,0.028,mid_gni
0,oceania,samoa,73.98679981,9.1059707,2159,7.9,4499,1362,3930,66,59,69,91.5,99,97.5,0.199376495,500,100,15,68,2,28,0.1,0,12.43161224,10.42592751,8.554881176,6.215806121,5.598179176,5.686243025,5.378056078,5.087408104,2.759018636,0.718308449,48.43190428,80.902,0.918324948,-0.124573487,21.6806,4.778,1.5771,0.2227,1.8968,0.6287,13.2418,0.0683,1.4693,0.0683,16.8666,0,0.115,0.3341,0.291,0.0611,8.3345,0.0431,45.5,2.7,0.521,13.4454,9.6134,1.7479,3.8992,7.9832,0.1176,0.1345,4.1849,3.4454,0.3193,0.1866,0.1341,2.793,3.5918,0.5248,0.0058,0.0058,mid_gni
0.000299458,africa,sao tome and principe,84.20624782,5.683621724,3060,2.3,3241,786,13410.2027,96,96,93,34.7,97.1,98.9,0.73794162,140,100,34.6,219,10,90,54.1,47.5,15.3266726,10.48386253,8.696971282,8.241878956,6.151592823,6.247427685,6.472772925,4.156509913,1.520112988,2.124926642,50.21697558,34.908,0.473691448,3.021818552,7.3284,0.6241,2.9864,0.1074,1.4361,1.2013,4.1809,0.0537,0.9731,0.0134,20.7704,0.1342,0.0336,0.1544,0.0738,0.0268,17.1666,0.0738,10.6,7,0.7034,3.6409,18.5974,1.1585,8.854,1.6343,0.0207,0.0621,3.2685,4.6752,0.2689,0.0672,0.0576,1.5178,3.1412,0.0288,0,0.0192,high_gni
0.000281449,asia,saudi arabia,45.8668307,4.175155231,300576,20,627615,79370,23550,98,98,98,100,97,97,0.032568619,3100,100,12.5,7708,72,70,0,0,11.33795694,9.240961083,8.656713412,8.625001113,8.553922073,9.719543326,8.942999732,7.283496426,1.938492733,2.094772383,43.45054015,16.87,0.892776943,2.340473021,15.3954,2.6475,5.2126,0.9019,0.4122,0.4219,6.9243,0.0873,4.4125,0.097,0.6207,0.1794,0.48,0.0291,1.251,0.7128,25.4182,0.1891,35,7.1,0,7.59,23.4585,0.3286,3.2707,3.349,0.0782,0.4069,4.6479,7.2457,0.7668,0,0.1371,6.3967,0.2741,0.4512,0,0.0057,high_gni
0.000124923,africa,senegal,87.60184833,5.50334705,276968,2.2,269203,30615,1000,89,89,80,47.6,78.5,92.9,1.633200285,61,100,41.7,24123,1800,98,13.6,0.6,16.65943129,10.20282464,9.017383466,7.909884343,6.702379934,6.521373918,5.613632612,4.495718706,1.75676081,3.065259815,50.89863208,56.279,2.484150318,3.818287492,6.104,0.7876,5.7374,0.258,0.7129,0.0815,3.2319,0.0068,0.9845,0.1222,3.9041,0.1222,0.1697,0.0543,0.2037,0.387,33.0391,0.1901,7.4,11.3,0.0766,2.7565,30.5896,0.5934,0.4594,1.2634,0.0957,0.1149,3.2351,8.2312,1.1485,0.0247,0.0165,1.0805,2.3095,0.2062,0,0.0165,low_gni
0.001791146,europe,serbia,50.1111308,25.64253905,44998,10.3,241594,168597,5500,95,95,86,96.4,99.2,99.4,0.025962136,3900,100,5.9,547,15,135,0.1,0,4.85663364,5.932896493,6.018103302,6.399536736,6.196373337,6.736221733,6.82201774,6.941519131,7.542843952,-0.454416442,51.19580611,44.447,-0.674653613,-0.277858502,33.0354,4.0698,2.1213,1.5195,0.3396,0.578,18.1385,0.006,8.7594,0.2145,1.1262,0.0775,0.0834,0.0596,1.5016,0.9355,10.1061,0.3635,23.5,5.7,2.5678,13.1419,20.0428,0.2318,2.1041,6.2946,0.214,0.0535,5.2247,2.6748,1.2126,0.4242,0.0545,9.4722,0.5394,0.5697,0.0061,0.0364,mid_gni
1.91E-05,africa,sierra leone,81.92542257,4.8564781,101939,2.2,114859,5439,630,86,86,76,13.3,62.6,84.9,5.93782379,17,100,87.1,19014,3100,84,23.6,8.4,15.36725313,10.84358785,9.226996161,7.969275555,6.768641802,6.789563825,5.55880544,4.473633758,1.800275772,2.154661413,50.51684564,60.058,1.550407365,3.070164499,5.9931,0.1678,3.2063,0.2983,1.2117,0.261,2.0412,0.0373,2.1996,0.0746,4.856,0.466,0.2889,0.4474,0.0746,0.0559,34.0479,0.2703,7.5,25.6,0.1021,2.6128,27.5362,0.8777,0.8573,0.6736,0.0612,0.1225,1.0206,6.5932,0.694,0.0359,0,1.9037,2.3527,0.1437,0,0.009,low_gni
0.002708153,europe,slovenia,48.70509704,26.71992022,10513,7.8,75345,70651,22610,95,95,94,99.1,99.5,99.7,0.014295917,7000,100,2.1,46,2,105,0,0,5.16439084,4.353225958,4.923285553,6.048923082,6.808107429,7.62781657,7.238049752,6.660605468,7.100905535,0.086675197,50.43215902,50.35,0.176075207,-0.003903654,26.6163,10.0008,3.5771,1.1287,0.3693,0.4606,8.5899,0.0622,6.4155,0.112,0.8714,0.0415,0.1784,0.0539,2.411,1.5852,13.8684,0.2697,22.5,2.5,2.2372,13.6108,18.0069,0.3442,2.6596,4.5995,0.1564,0.1408,3.4731,4.6308,1.1108,0.5488,0.6606,9.9853,0.4624,0.8689,0.0051,0.0356,high_gni
0,oceania,solomon islands,75.08272756,5.944084267,7953,16.4,11512,1330,1940,98,98,92,29.8,80.8,93.2,0.458520692,220,25,23.6,395,19,84,53.7,9.5,13.78364454,10.51700851,8.832518763,7.576548728,7.145592269,6.438919692,6.666945152,5.553698985,1.777782419,1.976249726,49.22419982,77.671,1.394693622,4.025939221,13.6649,3.4726,3.0802,0.2943,2.5505,0.569,6.5431,0.0981,0.7553,0.049,16.5686,0.5199,0.1962,2.1778,0.981,0.3139,11.752,0.0785,20.5,8.9,0.2697,4.1693,16.7393,1.3483,1.1201,1.6179,0.0415,0.083,1.7424,2.1987,0.2074,0.1398,0.0839,1.0622,1.9847,0.1677,0,0,low_gni
0.001658481,africa,south africa,52.14352789,7.657932504,504862,7.6,1380412,355820,6050,69,69,76,66.4,93.2,99.6,0.333630208,300,38,33.6,34078,1500,120,3.7,1.5,9.609289662,8.769201048,9.184903126,9.411742615,8.484632481,8.523309252,6.624468506,5.582958241,3.246636804,1.648009331,50.82206581,35.199,0.229105187,2.427260481,19.7743,0.8542,6.4308,1.0982,0.2379,0.0854,14.1489,0,3.1056,0.3295,1.1836,0.0427,0.1037,0.0549,0.2807,0.0915,21.7877,0.1647,27,6.2,2.2875,7.614,25.9977,0.1837,0.5176,5.1428,0.2839,0.0835,5.6938,5.2763,0.6011,0.4676,0.006,2.9615,1.157,0.1679,0,0,mid_gni
0.001926074,europe,spain,50.76394896,28.32774135,179037,7.7,1841932,1740333,28520,97,97,96,99.9,100,100,0.006811344,14700,100,3.5,1299,21,112,0,0,4.421042929,4.332214463,4.683238618,5.216205158,6.459876029,6.772149138,8.12261486,8.250612454,5.660394301,-0.134797808,50.94803207,20.421,-1.225731469,0.147079372,19.5253,2.4641,1.078,1.2521,1.0814,0.375,9.2772,0,5.3601,0.0937,1.0513,0.0971,0.0134,0.0469,0.4955,1.3626,25.6922,0.2611,27.1,2.5,2.4163,13.1824,11.9896,1.2999,1.8351,5.9642,0.1376,0.0153,4.8173,10.3839,1.4834,0.4855,0.0607,7.2732,0.6022,0.6396,0.0047,0.014,high_gni
0.000714442,asia,sri lanka,51.23349504,14.06962728,151615,8,686333,191323,3800,99,99,99,95.1,95.6,98.5,0.063497892,1600,100,8.4,2620,98,84,0.2,1,7.535480068,7.352558453,7.312626435,7.171630178,7.51399111,7.116536851,7.49152411,6.511666725,4.803606568,0.934429494,51.82592719,81.644,0.890343929,1.130749518,10.1348,0.3195,2.7159,1.1682,2.2766,0.5791,2.027,0.01,4.2336,0.0999,27.1892,0.3794,1.4279,0.0899,0.1198,0.4194,6.7,0.2396,5.4,9,0.2105,3.7696,26.9805,1.1864,1.5499,0.6123,0.0574,0.8611,5.377,1.129,0.9759,0.0699,0,3.2083,2.4703,0.6448,0,0,low_gni
8.28E-05,africa,sudan,78.03512278,5.925089096,611175,8.9,785214,99812,1840,93,93,87,73.56153846,89.77070064,95.529375,1.388879862,72,100,47.6,61285,4100,56,9.441721854,2.777124183,14.59733506,10.6107822,9.170149531,7.760697835,6.783927009,6.770984372,5.843257836,4.845756257,1.920359471,2.223139283,49.8022164,66.194,1.947062842,2.765929421,20.1511,1.7092,5.6998,0.2347,0.0587,0.3961,7.0789,0.0073,10.8055,0.2641,3.7265,0.4108,0.1174,0.0587,0.0587,0,19.0214,0.3521,7.4,20.1,0,7.9737,22.8319,0.0411,2.3839,2.4866,0.185,0.0822,6.3296,4.7061,1.3152,0,0.0147,8.2192,1.7823,0.2504,0,0,low_gni
0.002189788,south america,suriname,50.75603607,10.38071122,4723,12.5,16829,4488,9300,89,89,94,79.2,94.8,98.1,0.371636756,270,88.875,19,186,15,0,6.3,0.3,8.584283431,8.64333775,7.736115776,8.281630047,7.515769349,7.800748425,6.35682834,6.802688448,3.542151866,0.874385787,49.89861412,33.957,0.998032404,0.810870496,14.8751,0.7849,3.1593,0.9601,0.772,0.2335,10.639,0.1557,1.6867,0.0324,3.1139,0.0649,0.0584,0.1103,0.8823,0.1557,26.9089,0.2789,26.5,8.5,1.4479,6.2001,20.8094,0.594,2.5617,3.8426,0.0371,0.0371,7.5924,6.8127,1.1138,0.2987,0.0166,3.559,1.7007,0.3484,0,0.0249,mid_gni
0.001562425,europe,sweden,59.30390803,31.76842021,55069,4.7,347982,308662,57810,98,98,98,99.3,100,100,0.007769875,12900,88.875,2.4,271,5,105.4117647,0,0,5.865888731,4.982065806,6.954632998,6.573752368,6.086302829,6.391992988,6.002155496,6.377517598,5.609808591,1.054240081,50.02961319,14.185,0.00237418,1.229181437,28.4111,9.7148,1.9481,1.3741,0.8778,0.3556,8.8481,0.0481,7.5926,0.0074,0.9519,0.0296,0.1111,0.0481,0.2333,0.9704,16.663,0.2296,22.1,2.5,2.2981,16.4907,13.7733,0.9161,1.5839,5.2484,0.0155,0.1242,5.264,6.1801,1.0714,0.3591,0.527,11.7101,0.5363,1.0679,0.0047,0.0933,high_gni
0.001474241,europe,switzerland,48.84761744,26.85485311,41427,6.1,334220,263477,84180,97,97,94,99.9,100,100,0.008046574,12400,59,3.4,291,4,98,0,0,4.909486028,5.060824033,5.972838409,6.563343071,6.957872178,7.303488495,6.611871488,6.991529368,5.539806431,1.193619877,50.48160167,26.088,0.933290445,1.285667866,28.1054,6.2293,1.1241,0.93,0.4048,0.3379,12.0906,0,8.3804,0.0703,0.5286,0.0268,0.0836,0.0368,0.174,1.9772,17.3898,0.2141,21.2,2.5,2.3293,15.5435,11.7492,0.4395,1.9338,6.1822,0.1172,0.0879,7.8963,6.695,0.9962,0.408,0.0732,14.1191,0.4447,0.2459,0.0105,0.0209,high_gni
1.47E-05,asia,tajikistan,60.88508034,4.836669072,128191,6.4,198539,27079,1240,96,96,97,95,73.8,93.1,0.127137458,790,100,38.5,10293,82,140,0.1,0,13.62243413,10.13219258,10.00218824,10.03161958,7.225465562,7.296778442,5.720644986,5.186867507,2.110002499,2.217499154,49.35257677,73.218,2.094666953,2.554076294,12.6827,0.0348,10.2035,0.5741,0.0174,0.3566,7.159,0.0348,4.6799,0.2175,1.27,0.1131,0.0174,0.0783,1.1308,0.4175,22.7557,0.9395,12.6,11.22675159,0.1427,5.1831,27.4132,0.0238,1.5216,2.3776,0.1664,0.0476,3.8992,5.4922,3.3524,0.009,0,4.8921,0.6679,0.2437,0,0.009,low_gni
0.000319279,asia,thailand,39.24210398,14.58125267,357748,7.1,2860189,841674,5620,99,87.47468354,99,93,97.8,97.6,0.028118214,3600,100,10.5,7778,140,90,0,0,5.361941263,6.307196057,6.603337863,6.772433255,7.280491241,7.516178114,8.017169516,8.269132619,5.446747196,0.344002136,50.7135007,49.626,-2.045313562,2.755017371,19.5718,1.666,2.538,2.8961,1.7984,0.506,11.6621,0.0078,1.4636,0.0934,4.6166,0.1012,1.7594,0.0701,0.1246,0.2647,20.2336,0.2102,10.8,7.8,2.1401,6.4025,23.1871,1.1496,1.8394,3.0775,0.0707,1.0612,7.729,4.0679,0.5837,0.336,0.0246,2.0406,1.9423,0.3524,0,0.0164,mid_gni
9.80E-05,asia,timor-leste,92.27496378,10.72912259,24775,7.2,22550,3291,1920,76,76,70,40.6,71.9,95.2,1.22228197,82,100,44.7,2324,94,84,26.1,6.5,17.11580406,10.62240223,9.01641312,7.227979808,5.969903565,5.973007432,4.027490089,4.400266122,1.639082841,2.678741046,49.22427654,67.23,1.732798502,4.647881576,17.8988,2.0345,10.2168,0.2446,0.7893,1.3007,14.5525,0.1112,0.1779,0.0889,3.5353,0.2779,0.1445,0.1779,0.2001,0.0111,15.9644,0.1668,2.9,24.9,0.1169,5.0491,32.7256,0.374,0.6078,3.9972,0.0701,0.0701,2.5245,2.9687,0.4441,0.0433,0.104,0.2772,2.157,1.2474,0,0.0087,low_gni
3.40E-05,africa,togo,81.83107627,5.027216495,119814,4.8,135978,9989,540,88,88,85,11.6,63.1,91.4,1.71769885,58,100,52.3,13077,940,98,51.7,18,15.63971475,10.22740465,9.015195037,8.049962617,6.92545467,7.030488253,5.763712078,4.637093446,1.81305123,2.627313426,50.59132779,60.036,1.806185714,3.873667061,5.3063,0.5351,8.9093,0.1962,0.5708,0.0624,3.3889,0.0803,0.544,0.0713,2.9608,0.8918,0.223,0.6064,0.1694,0,30.643,0.1516,7.1,16.1,0.2882,2.0379,23.2812,0.3911,0.2058,1.1116,0.0412,0.1029,2.8201,6.2577,0.3911,0.096,0.0174,0.82,1.4567,0.1396,0,0,low_gni
0.002109422,north america,trinidad and tobago,43.24948865,13.4823804,9122,13.6,43221,14384,18600,96,90,89,91.5,95.1,95.1,0.115839419,860,61,18.2,344,12,98,0.2,0.2,6.863685644,6.197070259,6.945397916,8.381530995,9.267158488,9.471974489,7.453958836,6.726095532,4.871386627,0.412957183,50.65870738,91.555,0.527718882,-0.822835823,23.3455,5.3472,2.5134,0.6185,0.7816,0.3205,11.386,0.1012,5.1279,0.0843,3.1993,0.343,0.4386,0.0843,0.4386,0.596,18.4369,0.1799,19.7,5.5,0.8874,9.9918,18.4224,0.7067,1.249,4.6343,0.0986,0.378,9.1537,4.7658,0.6738,0.0945,0.0532,5.9657,1.0514,0.2008,0,0.0413,high_gni
0.002301896,africa,tunisia,44.82013584,10.9948728,101623,9.6,378767,101710,3970,98,98,98,91.6,97.7,100,0.140912439,710,67,12.1,2546,130,30,0.7,0,8.428205757,7.08427222,8.067272742,9.047128759,8.726318931,8.433426211,7.728280997,6.66809077,4.118775175,1.006143013,50.58374448,33.158,0.413765173,1.301308375,12.7886,2.6543,3.2543,0.9255,0.5085,0.4068,4.0323,0.0102,4.5764,0.0915,1.4085,0.2034,0.3407,0.0407,0.3,2.3289,28.1552,0.7627,27.3,4.3,0.2452,5.7984,23.9579,0.3462,1.9472,1.6876,0.0721,0.2452,5.0483,7.0676,2.3655,0.0657,0.0909,5.4865,1.1013,0.4193,0,0.0657,mid_gni
0.001046973,asia,turkey,49.72123101,11.28703078,678171,12.8,2403516,734535,9950,96,96,94,94.9,100,100,0.033737899,3000,67,11.6,16325,210,112,0.1,0,8.326077583,8.224102822,7.85162651,7.934014495,8.001964329,8.251209154,7.607140639,6.906615214,4.008732606,1.462404951,50.83689831,26.603,-0.421773827,2.154193902,13.6766,2.9392,2.0428,0.825,0.1428,0.3292,3.8475,0.0079,5.8586,0.0674,1.7453,0.3808,0.3729,0.0516,0.0912,2.8162,27.8172,0.6703,32.2,2.5,0.3107,7.5989,19.2938,0.1271,2.2881,2.1328,0.0706,0.2966,4.3644,8.7571,2.1751,0.0692,0.0395,8.1403,0.652,0.5335,0.0049,0.0692,mid_gni
8.44E-05,africa,uganda,102.3453678,5.036153224,764911,3.1,495155,81379,670,78,78,82,19.1,79,95.5,2.128303464,47,100,37.7,59856,5700,84,7.2,2.2,18.45576013,11.06999901,9.174336454,7.446293138,6.033683129,6.054909634,4.753117829,3.537468621,1.449336896,3.253313645,50.02309236,83.899,2.854818375,5.355883267,12.3139,0.9627,3.4479,0.2239,0.862,0.7164,6.101,0.0112,4.0188,0.1343,6.5599,1.0411,0.0336,0.5709,0.1008,0,25.0532,0.1567,4.1,41,1.7949,3.8462,13.8462,0.4895,6.6667,1.4918,0.0932,0.0233,2.6573,4.6154,0.4895,0.7449,0.0382,3.0465,2.6454,0.0382,0,0,low_gni
0.002258674,europe,ukraine,43.33590111,21.93926737,207429,6.5,1490734,1118312,2620,23,38,56,95.9,96.2,95.5,0.037862152,2600,100,7.7,3331,120,126,9.441721854,0,4.954653081,4.291913908,5.614117702,7.310891883,7.468377833,8.919652576,7.129515841,6.790400363,7.945007825,-0.363732732,53.6866303,30.305,-1.064126247,-0.057648427,26.91,5.494,3.0837,2.4481,0.516,0.3084,9.635,0.0063,8.691,0.1196,0.1007,0.0629,0.0378,0.2266,0.4972,0.7867,17.4638,0.5223,26.1,3.5,1.5319,9.8831,20.0791,0.3459,1.153,3.3767,0.1153,0.0329,6.7699,4.0521,1.8119,0.3075,0.0696,7.6004,0.0174,0.2031,0,0.0464,low_gni
0.000236323,asia,united arab emirates,17.75143866,1.339866848,48147,19.3,137383,4199,43170,94,94,94,97.6,99.6,99.6,0.012654758,7900,100,5.9,571,6,45,0,0,9.821428207,7.031874373,9.553613397,12.76718693,13.05452224,15.68953242,10.96031497,8.368865691,0.843955606,0.776450801,26.74147531,14.459,-1.107660277,1.098459122,21.4437,4.0036,3.0418,1.1407,0.8108,0.6766,9.461,0.1006,5.86,0.1677,3.204,1.0624,1.1295,0.0168,0.1454,3.8246,14.924,0.4306,29.9,2.6,0,8.8519,20.9268,0.6089,2.614,3.6834,0.1188,0.5941,5.4953,3.5051,1.411,0,0.0606,5.4823,0.8803,0.2282,0,0.0047,high_gni
0.002288917,europe,united kingdom,55.12194955,27.55023216,368353,4.7,2407205,1872923,43340,96,96,95,99.2,100,100,0.017343203,5800,90,3.5,2655,74,14,0,0,6.032702469,5.627262837,6.351617395,6.666287597,6.617447379,6.822137678,6.125930975,6.539829582,5.274012275,0.809355273,50.70973538,17.408,-0.599560871,1.108863839,25.8633,4.2615,1.4678,1.0778,0.5176,0.4219,12.5789,0.078,7.353,0.0745,1.1664,0.0638,0.1276,0.0851,1.4642,0.702,18.3507,0.2127,29.5,2.5,2.217,14.2211,13.4189,0.5251,1.9837,6.5636,0.1021,0.1604,5.3092,6.6657,1.0064,0.4758,0.0673,8.8375,0.7353,0.7785,0.0048,0,high_gni
0.001798019,south america,uruguay,55.88340844,22.50099938,23458,6.1,103317,103789,15720,95,95,96,96.4,99.7,100,0.030240961,3300,100,8.7,419,7,98,0.1,0.1,6.63924748,7.132105573,7.236603431,6.766447569,6.310374975,6.798784592,6.738788028,6.37014437,4.822055076,0.351449062,51.73036714,4.689,-2.982920036,0.51839469,25.5069,3.4811,2.5698,1.2804,0.3281,0.1777,12.2841,0.0456,8.0603,0.0729,1.5127,0.0729,0.0319,0.1002,0.7564,0.1367,18.8819,0.2096,28.9,2.5,1.3481,12.1808,17.732,0.2855,1.3957,5.2181,0.0952,0.0317,7.3751,5.8208,0.8565,0.1599,0.0178,10.9203,0.6455,1.6878,0.0059,0.0296,high_gni
0.002569626,north america,united states of america,50.91244992,22.31401921,1850506,10.8,10222507,7460923,54960,95,93,92,100,99.2,99.4,0.026115561,3800,88.875,5.6,21321,550,105.4117647,0,0,5.934457338,6.210030661,6.950336332,6.607848359,6.720061915,6.97643918,6.027537281,6.404590233,6.046075009,0.784422626,50.43292656,18.383,-0.136094306,0.992929627,21.2045,3.3013,1.2829,1.25,0.3887,0.4426,9.4166,0,6.8359,0.009,1.7464,0.0449,0.0867,0.0478,0.3977,0.942,23.6117,0.1944,37.3,2.5,2.1373,13.6201,10.7792,0.4779,1.7788,6.1065,0.0133,0.1062,8.0048,9.2792,0.9292,0.2946,0.0264,9.8791,1.2706,0.6331,0.0747,0.0835,high_gni
4.74E-05,asia,uzbekistan,49.65053411,6.970326645,318305,6.6,843026,209454,2150,99,99,99,100,89.77070064,98.5,0.099476985,1000,100,33.9,22771,240,126,0,0,10.28000453,8.57068956,9.618955854,9.914473043,8.36135748,8.269535019,6.833074021,6.016615726,2.968512654,1.746175357,50.82725709,63.635,1.609550321,1.985705125,25.9903,2.4884,2.7168,1.0639,0.0962,0.583,10.3624,0.012,11.805,0.1743,0.3366,0,0.018,0.0902,0.1683,0.7754,18.4589,0.8535,15.3,6.3,0.6785,10.7893,24.8221,0.0662,2.2174,3.5247,0.1655,0.0165,1.7045,4.5011,3.2269,0.0588,0.0374,10.5736,0.1336,0.1604,0,0.0053,low_gni
3.78E-06,oceania,vanuatu,68.71967818,7.084706647,3215,16.6,6059,637,13410.2027,64,64,53,57.9,94.5,98.9,0.28144674,360,66,23.1,157,5,84,1.9,1.3,12.85404718,9.532378232,9.030835318,9.049978177,7.424366563,7.602103614,6.080537838,5.153257732,2.333131695,2.203953324,49.34668924,73.872,1.784070584,3.400727753,14.9179,1.9531,4.1249,0.3509,1.4343,0.3052,9.9334,0.0254,1.1495,0.0966,23.1779,0,0.1068,0.4578,0.2187,0.0356,6.4849,0.1424,23.5,7.2,0.2668,7.4519,16.1044,1.2197,2.287,4.3835,0.1334,0.0953,2.4204,2.1536,0.6099,0.0078,0.0863,1.6082,6.6761,0.0863,0,0.0078,high_gni
0.000171274,south america,venezuela,52.37493244,9.549329367,289792,12,933429,230879,13410.2027,87,78,92,94.4,93.1,95,0.239929735,420,100,12.9,7746,570,182,5.4,2.5,9.262799629,8.736312073,8.658627599,8.498694248,7.682031015,7.682621282,6.948749757,6.149396686,3.23749965,1.34061295,50.21486538,11.01,0.896561876,1.395689057,16.3261,2.2673,2.5449,0.6555,0.5707,0.964,7.0949,0.0077,5.5217,0.2082,0.1003,0.1157,0,0.1311,0.0848,0.0154,29.5211,0.1851,25.2,21.2,0.8454,7.2303,21.3126,0.4449,2.3804,3.1368,0.1335,0,7.7864,7.5417,0.6674,0.1955,0.1244,6.3083,0.0444,0.3287,0.0178,0.0533,high_gni
0.000353246,asia,vietnam,42.51143984,9.605993488,733682,6,2960955,1284395,1980,97,97,97,78,97.6,99.1,0.114473923,870,100,17.3,27243,860,180,0.7,0,7.755269176,7.179367095,9.133792735,9.084537214,8.39026306,8.589669251,7.604279614,7.060683734,3.823382574,1.068787866,50.53434384,66.407,0.106665089,2.998399083,33.2484,3.8238,3.7155,0.7839,1.1217,0.4079,26.4292,0.0064,0.752,0.3378,4.2891,0.0765,0.6309,0.0701,0.0829,1.1726,5.6211,0.6373,2.1,9.3,0.715,10.9806,26.9833,1.0385,1.8046,7.8311,0.3064,0.4256,2.094,1.3279,1.9578,0.1555,0.1555,1.0887,3.7994,0.5444,0.0056,0,low_gni
7.39E-05,asia,yemen,75.59514675,4.893864016,392662,5.1,409910,43605,13410.2027,69,69,67,73.56153846,89.77070064,95.529375,1.658728865,60,100,33.8,27775,3300,70,9.441721854,2.777124183,14.46989001,11.1547592,10.76763472,8.9726411,7.089470216,7.121020576,5.299943904,3.619402252,2.002826583,2.446705472,49.48876938,65.394,1.56519918,4.13398188,12.5401,2.0131,11.5271,0.5514,0.3847,0.2564,8.001,0.0256,1.3463,0.2436,0.7565,0.5001,0.1026,0.0513,0.3718,0.0769,23.6312,0.1667,14.1,38.9,0,3.4667,32.0727,0.1697,1.1879,2.0121,0.1212,0.0485,7.0303,3.9515,0.3636,0,0.0188,1.963,0.2254,0.3193,0,0,high_gni
0.000230327,africa,zambia,95.40232642,5.683538901,295178,4.1,216644,38313,1500,90,90,90,43.9,65.4,85.6,1.258249266,79,100,43.3,26636,1400,84,13.7,1.3,17.39874503,10.80459515,9.199272738,7.896027652,6.429530482,6.474361929,5.202534577,3.787231527,1.523554715,3.071812067,50.07547913,59.078,2.312997225,4.177550586,9.6005,1.6113,14.3225,0.6266,1.007,0.1343,4.901,0.0224,1.2756,0.179,9.8915,0.0783,0.1567,0.2014,0.0671,0.0112,15.2848,0.1567,6.5,46.7,1.1925,3.3043,31.5528,0.5714,0.2236,1.5155,0.1491,0.0745,2.559,3.0062,0.4472,0.4824,0.0338,1.0324,8.0562,0.0762,0,0,low_gni
0.000320713,africa,zimbabwe,80.39103268,5.347743573,262428,3.9,194583,48432,850,87,87,86,36.8,76.9,97,1.938964261,52,100,46.6,25398,2400,98,27.6,1.5,15.76695404,10.56459261,10.21710902,9.63280243,8.261452594,7.835844339,5.818505522,3.598522032,1.52367712,2.313958203,50.72947713,67.624,2.498968443,1.928626539,10.3796,2.9543,9.7922,0.3682,0.2455,0.0614,4.5674,0.0175,2.104,0.1315,1.9462,0.114,0.0526,0.0877,0.1052,0.4296,26.9396,0.0789,12.3,51.3,1.4269,3.9356,29.8044,0.1611,0.4373,1.7491,0.0921,0.046,5.0403,6.2601,0.2532,0.2929,0.0391,2.4114,1.523,0.2636,0,0.0293,low_gni
0.00114652,oceania,new caledonia,47.92017729,15.04234418,1990,19.6,9292,3091,13410.2027,88.70807453,87.47468354,87.86956522,100,98.5,98.5,0.709157384,3161.220126,88.875,23.80434783,26400.74534,1767.037736,105.4117647,0,0,7.511139402,7.573259301,8.189856817,7.503470278,6.78794107,6.798267094,6.973533855,7.49733498,4.365265007,1.848481467,49.55685282,29.79,0.02951485,2.63038132,22.2697,3.6599,5.0979,1.0439,0.8385,0.2222,11.6086,0.2851,5.0476,0.0755,3.3036,0.0293,0.0629,0.0335,1.3961,0.2557,16.8532,0.1887,18.72173913,7.1,1.9087,13.343,15.9607,0.8544,1.6906,6.5261,0.1272,0.0909,4.272,6.4716,0.9998,0.3262,0.1873,7.2857,1.2143,0.4591,0,0.0362,high_gni
0.0022952,oceania,french polynesia,42.22968895,10.73850147,2952,19.4,10047,2118,13410.2027,88.70807453,87.47468354,87.86956522,98.5,100,100,0.709157384,3161.220126,88.875,23.80434783,26400.74534,1767.037736,105.4117647,1.4,1.4,7.943351532,8.264003235,8.744258601,8.422162521,7.678308346,7.226811554,7.089002513,7.224773955,4.080365139,1.06054732,48.96945863,44.12,1.277818021,0.889335495,25.1596,4.6648,3.7271,0.822,1.5842,0.1995,14.0782,0.2913,3.8827,0.1277,4.7566,0.0399,0.02,0.0758,1.269,0.3192,14.0024,0.1397,18.72173913,4.2,1.4879,15.0676,15.8885,1.6419,1.0433,8.1409,0.2223,0.0171,3.5574,5.3019,0.8551,0.3778,0.2042,4.768,1.0618,0.3471,0,0.0153,high_gni
